1000_1668963672.jpg, 13785322
1001_1668963682.jpg, 13795328
1002_1668963752.jpg, 13745348
1003_1668963809.jpg, 13785348
1004_1668967277.jpg, 13795363
1005_1668967295.jpg, 13745364
1006_1668967349.jpg, 13795364
1007_1668967413.jpg, 13745364
1008_1668970881.jpg, 13795373
1009_1668970900.jpg, 13795374
100_1668143012.jpg, 13732378
1010_1668970952.jpg, 13795374
1011_1668971010.jpg, 18795374
1012_1668974492.jpg, 13785596
1013_1668974499.jpg, 13745596
1014_1668974557.jpg, 13795596
1015_1668974609.jpg, 13785593
1016_1668978065.jpg, 13745593
1017_1668978090.jpg, 13795593
1018_1668978151.jpg, 13795593
1019_1668978211.jpg, 13795596
101_1668146470.jpg, 13732991
1020_1668981681.jpg, 13786405
1021_1668981700.jpg, 13796478
1022_1668981751.jpg, 13746433
1023_1668981808.jpg, 13796447
1024_1668985288.jpg, 49323364
1025_1668985300.jpg, 13796899
1026_1668985354.jpg, 13796899
1027_1668988875.jpg, 13796933
1028_1668988893.jpg, 13746933
1029_1668988950.jpg, 13796933
102_1668146489.jpg, 13732997
1030_1668989007.jpg, 13746933
1031_1668992478.jpg, 13786933
1032_1668992499.jpg, 13496933
1033_1668992549.jpg, 42322428
1034_1668992611.jpg, 13746933
1035_1668996095.jpg, 13796933
1036_1668996102.jpg, 13796933
1037_1668996148.jpg, 13786933
1038_1668996211.jpg, 13796933
1039_1668999685.jpg, 13746933
103_1668146545.jpg, 13732997
1040_1668999753.jpg, 13796933
1041_1668999816.jpg, 13796933
1042_1669003279.jpg, 13787059
1043_1669003298.jpg, 13787056
1044_1669003347.jpg, 13787059
1045_1669003409.jpg, 13797058
1046_1669006886.jpg, 13797067
1047_1669006900.jpg, 13797082
1048_1669006950.jpg, 13747103
1049_1669007011.jpg, 13797131
104_1668146613.jpg, 13732997
1050_1669010488.jpg, 13798221
1051_1669010500.jpg, 13788233
1052_1669010560.jpg, 13788241
1053_1669010620.jpg, 13788261
1054_1669014077.jpg, 13798444
1055_1669014098.jpg, 13798447
1056_1669014151.jpg, 13798447
1057_1669014211.jpg, 13788444
1058_1669017676.jpg, 13788486
1059_1669017687.jpg, 13798466
105_1668150054.jpg, 13732991
1060_1669017750.jpg, 13798466
1061_1669017808.jpg, 13788466
1062_1669021259.jpg, 13788466
1063_1669021288.jpg, 13788486
1064_1669021341.jpg, 13798466
1065_1669021402.jpg, 13788466
1066_1669024884.jpg, 13788464
1067_1669024900.jpg, 13788469
1068_1669024957.jpg, 13788464
1069_1669025020.jpg, 13788466
106_1668150085.jpg, 13732991
1070_1669028469.jpg, 13798466
1071_1669028549.jpg, 13798469
1072_1669028596.jpg, 13788466
1073_1669032080.jpg, 13788642
1074_1669032099.jpg, 13788675
1075_1669032149.jpg, 13488115
1076_1669032212.jpg, 13788760
1077_1669035680.jpg, 13789731
1078_1669035700.jpg, 13789746
1079_1669035751.jpg, 13799763
107_1668150142.jpg, 13732997
1080_1669035812.jpg, 13788771
1081_1669039281.jpg, 13789859
1082_1669039287.jpg, 13789858
1083_1669039356.jpg, 13789898
1084_1669039412.jpg, 13789859
1085_1669042889.jpg, 13749854
1086_1669042900.jpg, 13789859
1087_1669042954.jpg, 13799854
1088_1669043018.jpg, 13789859
1089_1669046471.jpg, 13800719
108_1668150199.jpg, 13732991
1090_1669046484.jpg, 13800739
1091_1669046549.jpg, 13800749
1092_1669046605.jpg, 13800765
1093_1669050078.jpg, 13801945
1094_1669050082.jpg, 13801658
1095_1669050137.jpg, 13801673
1096_1669050194.jpg, 13801684
1097_1669053678.jpg, 13801924
1098_1669053695.jpg, 13801923
1099_1669053751.jpg, 13801953
109_1668153675.jpg, 13732991
10_1667847608.jpg, 13710457
10_1674273613.jpg, 14314731
10_1674360027.jpg, 14322372
1100_1669053805.jpg, 13801923
1101_1669057275.jpg, 13802071
1102_1669057293.jpg, 13802071
1103_1669057343.jpg, 13802071
1104_1669057409.jpg, 13802011
1105_1669060885.jpg, 13802442
1106_1669060900.jpg, 13802446
1107_1669060954.jpg, 13802444
1108_1669061016.jpg, 13802442
1109_1669064476.jpg, 13802488
110_1668153695.jpg, 13732991
1110_1669064491.jpg, 13802488
1111_1669064550.jpg, 13802488
1112_1669064603.jpg, 13802485
1113_1669068078.jpg, 13802488
1114_1669068097.jpg, 13802488
1115_1669068150.jpg, 48368404
1116_1669068210.jpg, 13802488
1117_1669071639.jpg, 13803574
1118_1669071695.jpg, 13803587
1119_1669071754.jpg, 13803608
111_1668153751.jpg, 13732991
1120_1669071812.jpg, 13803678
1121_1669075266.jpg, 13803951
1122_1669075287.jpg, 13803957
1123_1669075338.jpg, 13803952
1124_1669075395.jpg, 13803957
1125_1669078873.jpg, 13803957
1126_1669078887.jpg, 13803951
1127_1669078951.jpg, 13803957
1128_1669079011.jpg, 78324434
1129_1669082468.jpg, 48321864
112_1668153813.jpg, 13732991
1130_1669082477.jpg, 13803951
1131_1669082554.jpg, 13803951
1132_1669082602.jpg, 13803951
1133_1669086071.jpg, 13803951
1134_1669086082.jpg, 13803952
1135_1669086142.jpg, 13803951
1136_1669086202.jpg, 13803957
1137_1669089690.jpg, 13803971
1138_1669089700.jpg, 13803971
1139_1669089751.jpg, 13803971
113_1668157267.jpg, 13732991
1140_1669089808.jpg, 13803971
1141_1669093290.jpg, 13804024
1142_1669093300.jpg, 13804024
1143_1669093359.jpg, 13804024
1144_1669093412.jpg, 13804024
1145_1669096876.jpg, 13805020
1146_1669096887.jpg, 13805032
1147_1669096951.jpg, 13805051
1148_1669097009.jpg, 18805063
1149_1669100479.jpg, 13806018
114_1668157282.jpg, 13732997
1150_1669100494.jpg, 13806033
1151_1669100546.jpg, 13806049
1152_1669100606.jpg, 13806068
1153_1669104092.jpg, 13806976
1154_1669104099.jpg, 13806982
1155_1669104149.jpg, 13806998
1156_1669104210.jpg, 13807015
1157_1669107668.jpg, 13807538
1158_1669107682.jpg, 13807538
1159_1669107743.jpg, 13807538
115_1668157350.jpg, 13732991
1160_1669107800.jpg, 13807538
1161_1669111233.jpg, 13807595
1162_1669111279.jpg, 13807595
1163_1669111337.jpg, 13807595
1164_1669111403.jpg, 13807597
1165_1669114830.jpg, 13808636
1166_1669114879.jpg, 13808648
1167_1669114936.jpg, 13808681
1168_1669114992.jpg, 13808680
1169_1669118474.jpg, 13809658
116_1668157407.jpg, 13732997
1170_1669118490.jpg, 13809670
1171_1669118548.jpg, 13809688
1172_1669118608.jpg, 13809708
1173_1669122077.jpg, 13810617
1174_1669122099.jpg, 13810637
1175_1669122148.jpg, 13810644
1176_1669122208.jpg, 13810661
1177_1669125677.jpg, 13810919
1178_1669125699.jpg, 13810919
1179_1669125751.jpg, 13810918
117_1668160881.jpg, 13733022
1180_1669125811.jpg, 13810918
1181_1669129277.jpg, 13810962
1182_1669129299.jpg, 13810962
1183_1669129351.jpg, 13810982
1184_1669129411.jpg, 13810962
1185_1669132871.jpg, 13810971
1186_1669132889.jpg, 13810971
1187_1669132965.jpg, 13810971
1188_1669133003.jpg, 78322263
1189_1669136463.jpg, 13811313
118_1668160901.jpg, 13733025
1190_1669136483.jpg, 13811387
1191_1669136543.jpg, 13811404
1192_1669136598.jpg, 13811420
1193_1669140077.jpg, 48329863
1194_1669140088.jpg, 13812309
1195_1669140147.jpg, 13812318
1196_1669140207.jpg, 13812330
1197_1669143671.jpg, 76324437
1198_1669143686.jpg, 13813098
1199_1669143737.jpg, 13813173
119_1668160952.jpg, 13733022
11_1667851208.jpg, 13710720
11_1674288012.jpg, 14315258
11_1674374426.jpg, 14344876
1200_1669143804.jpg, 98328488
1201_1669147280.jpg, 13813974
1202_1669147299.jpg, 13813981
1203_1669147352.jpg, 13810996
1204_1669147413.jpg, 13814018
1205_1669150879.jpg, 13814938
1206_1669150899.jpg, 13814949
1207_1669150950.jpg, 13814963
1208_1669151012.jpg, 13814999
1209_1669154480.jpg, 13815298
120_1668161013.jpg, 13733025
1210_1669154500.jpg, 13815299
1211_1669154551.jpg, 13815299
1212_1669154610.jpg, 13815299
1213_1669158074.jpg, 78324468
1214_1669158090.jpg, 13815349
1215_1669158148.jpg, 13815329
1216_1669158202.jpg, 13815359
1217_1669161686.jpg, 13815774
1218_1669161700.jpg, 78336822
1219_1669161751.jpg, 13815743
121_1668164457.jpg, 13733029
1220_1669161809.jpg, 13815757
1221_1669165278.jpg, 13816605
1222_1669165296.jpg, 13816614
1223_1669165345.jpg, 46328424
1224_1669165406.jpg, 13816649
1225_1669168865.jpg, 13817274
1226_1669168877.jpg, 13817279
1227_1669168940.jpg, 66328424
1228_1669169003.jpg, 13817274
1229_1669172474.jpg, 13817274
122_1668164488.jpg, 13733029
1230_1669172495.jpg, 13817274
1231_1669172549.jpg, 13817274
1232_1669172610.jpg, 13817270
1233_1669176085.jpg, 13817320
1234_1669176099.jpg, 13817320
1235_1669176156.jpg, 13817320
1236_1669176216.jpg, 13817320
1237_1669179674.jpg, 13818074
1238_1669179695.jpg, 13818092
1239_1669179756.jpg, 13818106
123_1668164539.jpg, 13733029
1240_1669179813.jpg, 13818121
1241_1669183278.jpg, 13818904
1242_1669183297.jpg, 13818904
1243_1669183349.jpg, 13818904
1244_1669183412.jpg, 13818904
1245_1669186882.jpg, 13818938
1246_1669186900.jpg, 13818939
1247_1669186951.jpg, 13818938
1248_1669187011.jpg, 13818938
1249_1669190475.jpg, 13818944
124_1668164601.jpg, 13733029
1250_1669190496.jpg, 13818942
1251_1669190553.jpg, 13818942
1252_1669190613.jpg, 13818944
1253_1669194090.jpg, 13818948
1254_1669194102.jpg, 13818944
1255_1669194160.jpg, 13818944
1256_1669194209.jpg, 13818942
1257_1669197678.jpg, 13818952
1258_1669197699.jpg, 13818954
1259_1669197752.jpg, 13818954
125_1668168077.jpg, 13733534
1260_1669197811.jpg, 13818952
1261_1669201271.jpg, 13818952
1262_1669201292.jpg, 13818958
1263_1669201348.jpg, 13818952
1264_1669201404.jpg, 13818954
1265_1669204879.jpg, 13818960
1266_1669204899.jpg, 13818969
1267_1669204951.jpg, 13818960
1268_1669205010.jpg, 13818960
1269_1669208481.jpg, 13818960
126_1668168098.jpg, 13733534
1270_1669208500.jpg, 13818960
1271_1669208549.jpg, 13818966
1272_1669208611.jpg, 13818960
1273_1669212105.jpg, 13818969
1274_1669212109.jpg, 13818960
1275_1669212154.jpg, 13818969
1276_1669212217.jpg, 13818960
1277_1669215677.jpg, 13818966
1278_1669215697.jpg, 13818966
1279_1669215749.jpg, 13818969
127_1668168153.jpg, 13733534
1280_1669215808.jpg, 13818969
1281_1669219263.jpg, 13819599
1282_1669219282.jpg, 13819612
1283_1669219348.jpg, 13819631
1284_1669219401.jpg, 13819644
1285_1669222876.jpg, 13850602
1286_1669222882.jpg, 13820659
1287_1669222938.jpg, 13820638
1288_1669223005.jpg, 13820650
1289_1669226478.jpg, 13821688
128_1668168214.jpg, 13733534
1290_1669226499.jpg, 13821697
1291_1669226552.jpg, 13821719
1292_1669226610.jpg, 13821735
1293_1669230068.jpg, 13822629
1294_1669230093.jpg, 13822638
1295_1669230145.jpg, 13822649
1296_1669230200.jpg, 13822664
1297_1669233667.jpg, 13823061
1298_1669233676.jpg, 13823061
1299_1669233740.jpg, 13823061
129_1668171673.jpg, 13733532
12_1667854809.jpg, 13710827
12_1674388824.jpg, 14346520
1300_1669233794.jpg, 13823061
1301_1669237277.jpg, 13823081
1302_1669237297.jpg, 13823061
1303_1669237350.jpg, 13823061
1304_1669237403.jpg, 48368416
1305_1669240896.jpg, 13823077
1306_1669240904.jpg, 13823077
1307_1669240949.jpg, 68322432
1308_1669241010.jpg, 13823077
1309_1669244469.jpg, 13823077
130_1668171694.jpg, 13733534
1310_1669244478.jpg, 68368462
1311_1669244546.jpg, 13823077
1312_1669244602.jpg, 13823077
1313_1669248078.jpg, 13823077
1314_1669248100.jpg, 13823077
1315_1669248155.jpg, 48362432
1316_1669248209.jpg, 13823077
1317_1669251684.jpg, 13823077
1318_1669251695.jpg, 13823077
1319_1669251744.jpg, 13823077
131_1668171751.jpg, 13733532
1320_1669251804.jpg, 13823074
1321_1669255261.jpg, 13823077
1322_1669255278.jpg, 13823077
1323_1669255340.jpg, 13823077
1324_1669255398.jpg, 13823077
1325_1669258871.jpg, 13823077
1326_1669258890.jpg, 13823077
1327_1669258950.jpg, 13823077
1328_1669259010.jpg, 13823077
1329_1669262478.jpg, 13823299
132_1668171809.jpg, 13733532
1330_1669262497.jpg, 13823290
1331_1669262549.jpg, 13823290
1332_1669262608.jpg, 13823290
1333_1669266060.jpg, 13823300
1334_1669266078.jpg, 13823300
1335_1669266144.jpg, 13823300
1336_1669266199.jpg, 96322432
1337_1669269681.jpg, 13823899
1338_1669269700.jpg, 13823901
1339_1669269751.jpg, 13823921
133_1668175259.jpg, 13733534
1340_1669269811.jpg, 13823909
1341_1669273285.jpg, 13824934
1342_1669273300.jpg, 13824949
1343_1669273348.jpg, 13824966
1344_1669273410.jpg, 13824974
1345_1669276878.jpg, 13825805
1346_1669276893.jpg, 13825809
1347_1669276947.jpg, 13825805
1348_1669277010.jpg, 13825808
1349_1669280471.jpg, 13825874
134_1668175281.jpg, 13733534
1350_1669280490.jpg, 13825810
1351_1669280533.jpg, 13825810
1352_1669280594.jpg, 13825816
1353_1669284069.jpg, 13825812
1354_1669284086.jpg, 13825816
1355_1669284146.jpg, 13825812
1356_1669284208.jpg, 13825874
1357_1669287660.jpg, 13826321
1358_1669287674.jpg, 13826335
1359_1669287745.jpg, 13826351
135_1668175334.jpg, 13733534
1360_1669287796.jpg, 13826367
1361_1669291230.jpg, 13827206
1362_1669291281.jpg, 13827238
1363_1669291340.jpg, 13827209
1364_1669291398.jpg, 13827209
1365_1669294861.jpg, 13827248
1366_1669294887.jpg, 13827244
1367_1669294937.jpg, 13827242
1368_1669294994.jpg, 13827244
1369_1669298482.jpg, 13827244
136_1668175396.jpg, 13733534
1370_1669298500.jpg, 13827244
1371_1669298548.jpg, 13827244
1372_1669298609.jpg, 13827244
1373_1669302071.jpg, 13827425
1374_1669302092.jpg, 13827459
1375_1669302151.jpg, 13827498
1376_1669302209.jpg, 13827534
1377_1669305681.jpg, 13828464
1378_1669305699.jpg, 13828478
1379_1669305751.jpg, 13828495
137_1668178868.jpg, 13733534
1380_1669305801.jpg, 13828511
1381_1669309275.jpg, 13829355
1382_1669309294.jpg, 13829388
1383_1669309350.jpg, 13829384
1384_1669309410.jpg, 13829596
1385_1669312865.jpg, 13830246
1386_1669312882.jpg, 13830254
1387_1669312944.jpg, 13830288
1388_1669313001.jpg, 13830288
1389_1669316477.jpg, 13831173
138_1668178889.jpg, 13733534
1390_1669316492.jpg, 13831186
1391_1669316549.jpg, 13831499
1392_1669316606.jpg, 13831277
1393_1669320079.jpg, 13831342
1394_1669320100.jpg, 13831342
1395_1669320149.jpg, 13831346
1396_1669320210.jpg, 13831348
1397_1669323683.jpg, 13831348
1398_1669323700.jpg, 13831348
1399_1669323752.jpg, 13831348
139_1668178951.jpg, 13733534
13_1667858409.jpg, 13711108
1400_1669323810.jpg, 13831348
1401_1669327269.jpg, 13831613
1402_1669327287.jpg, 13831615
1403_1669327345.jpg, 13831618
1404_1669327408.jpg, 13831632
1405_1669330892.jpg, 13831648
1406_1669330901.jpg, 13831648
1407_1669330954.jpg, 13831648
1408_1669331011.jpg, 13831648
1409_1669334469.jpg, 48328433
140_1668179009.jpg, 29336469
1410_1669334485.jpg, 13831648
1411_1669334548.jpg, 13831645
1412_1669334600.jpg, 13831648
1413_1669338058.jpg, 98322433
1414_1669338084.jpg, 13831648
1415_1669338137.jpg, 13831648
1416_1669338195.jpg, 48323432
1417_1669341676.jpg, 13831648
1418_1669341691.jpg, 13831648
1419_1669341750.jpg, 13831648
141_1668182470.jpg, 13733550
1420_1669341804.jpg, 13831648
1421_1669345286.jpg, 13831646
1422_1669345301.jpg, 46328433
1423_1669345348.jpg, 13831648
1424_1669345408.jpg, 13831648
1425_1669348878.jpg, 13831731
1426_1669348898.jpg, 13831731
1427_1669348953.jpg, 13831735
1428_1669349011.jpg, 13831749
1429_1669352469.jpg, 68368463
142_1668182490.jpg, 13733550
1430_1669352489.jpg, 13831757
1431_1669352553.jpg, 13831757
1432_1669352606.jpg, 13831757
1433_1669356076.jpg, 13831878
1434_1669356095.jpg, 13831818
1435_1669356153.jpg, 13831818
1436_1669356210.jpg, 13831818
1437_1669359668.jpg, 13831828
1438_1669359690.jpg, 13831858
1439_1669359751.jpg, 13831829
143_1668182548.jpg, 13733550
1440_1669359808.jpg, 13831858
1441_1669363287.jpg, 13831859
1442_1669363300.jpg, 13831825
1443_1669363348.jpg, 13837829
1444_1669363411.jpg, 13831829
1445_1669366863.jpg, 13831921
1446_1669366889.jpg, 13831951
1447_1669366947.jpg, 13831921
1448_1669367008.jpg, 13831921
1449_1669370475.jpg, 13831935
144_1668182606.jpg, 13733550
1450_1669370496.jpg, 13831937
1451_1669370552.jpg, 13831937
1452_1669370610.jpg, 13831939
1453_1669374087.jpg, 13831958
1454_1669374099.jpg, 13831958
1455_1669374153.jpg, 13831958
1456_1669374199.jpg, 13831958
1457_1669377670.jpg, 13831972
1458_1669377686.jpg, 13831979
1459_1669377752.jpg, 13831979
145_1668186073.jpg, 13734297
1460_1669377811.jpg, 13831975
1461_1669381259.jpg, 13831972
1462_1669381277.jpg, 13831975
1463_1669381403.jpg, 13831975
1464_1669384859.jpg, 13832584
1465_1669384894.jpg, 13832597
1466_1669384946.jpg, 13832614
1467_1669384995.jpg, 13832639
1468_1669388475.jpg, 13833215
1469_1669388482.jpg, 13833213
146_1668186091.jpg, 13734373
1470_1669388550.jpg, 13833213
1471_1669388596.jpg, 13833219
1472_1669392070.jpg, 13834151
1473_1669392091.jpg, 13834182
1474_1669392149.jpg, 13834180
1475_1669392211.jpg, 13834196
1476_1669395667.jpg, 48364934
1477_1669395686.jpg, 13835108
1478_1669395744.jpg, 13835122
1479_1669395803.jpg, 13835140
147_1668186148.jpg, 13734329
1480_1669399274.jpg, 13836031
1481_1669399289.jpg, 13836045
1482_1669399342.jpg, 13836060
1483_1669399411.jpg, 13836076
1484_1669402860.jpg, 13836939
1485_1669402885.jpg, 13836939
1486_1669402947.jpg, 13836965
1487_1669403006.jpg, 48328433
1488_1669406478.jpg, 13837825
1489_1669406484.jpg, 13837836
148_1668186210.jpg, 13734345
1490_1669406553.jpg, 13837851
1491_1669406613.jpg, 13837865
1492_1669410077.jpg, 13838154
1493_1669410097.jpg, 98327432
1494_1669410145.jpg, 13838293
1495_1669410204.jpg, 13838215
1496_1669413664.jpg, 13838242
1497_1669413681.jpg, 13838244
1498_1669413741.jpg, 13838242
1499_1669413799.jpg, 13838244
149_1668189672.jpg, 13735222
14_1667862009.jpg, 13711453
14_1674432024.jpg, 14332774
1500_1669417279.jpg, 13838435
1501_1669417299.jpg, 13838469
1502_1669417347.jpg, 48368434
1503_1669417407.jpg, 13838481
1504_1669420868.jpg, 13839443
1505_1669420888.jpg, 13839458
1506_1669420949.jpg, 13839475
1507_1669420999.jpg, 13839488
1508_1669424471.jpg, 13840348
1509_1669424482.jpg, 48364245
150_1668189689.jpg, 13735238
1510_1669424544.jpg, 13840377
1511_1669424597.jpg, 18840394
1512_1669428068.jpg, 48334272
1513_1669428074.jpg, 98328464
1514_1669428143.jpg, 13840456
1515_1669428199.jpg, 13840454
1516_1669431660.jpg, 13840454
1517_1669431679.jpg, 13840454
1518_1669431738.jpg, 18840454
1519_1669431808.jpg, 13840455
151_1668189746.jpg, 13735254
1520_1669435273.jpg, 13840456
1521_1669435293.jpg, 48328424
1522_1669435349.jpg, 49328434
1523_1669435406.jpg, 13840456
1524_1669438879.jpg, 13841450
1525_1669438899.jpg, 13841465
1526_1669438949.jpg, 13841485
1527_1669439008.jpg, 13841494
1528_1669442451.jpg, 13842394
1529_1669442474.jpg, 13842383
152_1668189806.jpg, 13735208
1530_1669442543.jpg, 13842398
1531_1669442594.jpg, 13842419
1532_1669446056.jpg, 13842771
1533_1669446081.jpg, 13842771
1534_1669446143.jpg, 13842771
1535_1669446205.jpg, 13842771
1536_1669449668.jpg, 13842991
1537_1669449691.jpg, 13842991
1538_1669449749.jpg, 13842994
1539_1669449810.jpg, 13842991
153_1668193279.jpg, 13735523
1540_1669453277.jpg, 13843009
1541_1669453297.jpg, 13843003
1542_1669453350.jpg, 13843003
1543_1669453412.jpg, 13843003
1544_1669456872.jpg, 13843057
1545_1669456890.jpg, 13843963
1546_1669456954.jpg, 13843069
1547_1669457010.jpg, 13843068
1548_1669460461.jpg, 13843071
1549_1669460490.jpg, 13843074
154_1668193300.jpg, 13735523
1550_1669460550.jpg, 13843071
1551_1669460609.jpg, 13843071
1552_1669464065.jpg, 13843074
1553_1669464088.jpg, 13843071
1554_1669464146.jpg, 13843074
1555_1669464205.jpg, 13843074
1556_1669467673.jpg, 13843518
1557_1669467678.jpg, 13843529
1558_1669467750.jpg, 13843545
1559_1669467802.jpg, 13843581
155_1668193348.jpg, 13735523
1560_1669471261.jpg, 13844459
1561_1669471276.jpg, 13844485
1562_1669471343.jpg, 13844482
1563_1669471396.jpg, 13844496
1564_1669474878.jpg, 13844644
1565_1669474900.jpg, 13844646
1566_1669474961.jpg, 13844646
1567_1669475014.jpg, 13844642
1568_1669478466.jpg, 13845188
1569_1669478474.jpg, 13845199
156_1668193413.jpg, 13735523
1570_1669478545.jpg, 13845219
1571_1669478608.jpg, 13845220
1572_1669482066.jpg, 13846031
1573_1669482088.jpg, 13846031
1574_1669482149.jpg, 13846031
1575_1669482207.jpg, 13846031
1576_1669485663.jpg, 18846293
1577_1669485687.jpg, 13846293
1578_1669485744.jpg, 13846293
1579_1669485797.jpg, 42364514
157_1668196855.jpg, 13735523
1580_1669489265.jpg, 13846301
1581_1669489286.jpg, 13846301
1582_1669489340.jpg, 13846301
1583_1669489396.jpg, 13846301
1584_1669492857.jpg, 18846301
1585_1669492890.jpg, 13846301
1586_1669492950.jpg, 13846301
1587_1669493009.jpg, 48328426
1588_1669496462.jpg, 79320823
1589_1669496478.jpg, 13846371
158_1668196879.jpg, 13735523
1590_1669496535.jpg, 13846415
1591_1669496599.jpg, 13846453
1592_1669500077.jpg, 13847472
1593_1669500099.jpg, 18847486
1594_1669500152.jpg, 13847501
1595_1669500208.jpg, 13847517
1596_1669503672.jpg, 13848041
1597_1669503694.jpg, 13848041
1598_1669503751.jpg, 13848041
1599_1669503811.jpg, 48328934
159_1668196938.jpg, 13735523
15_1667865609.jpg, 13712503
15_1674446428.jpg, 14332190
1600_1669507287.jpg, 13848055
1601_1669507299.jpg, 13848055
1602_1669507351.jpg, 78321864
1603_1669507413.jpg, 13848055
1604_1669510863.jpg, 13848055
1605_1669510880.jpg, 13848058
1606_1669510950.jpg, 13848055
1607_1669511010.jpg, 13848055
1608_1669514459.jpg, 13848055
1609_1669514481.jpg, 13848055
160_1668196995.jpg, 13735523
1610_1669514550.jpg, 13848055
1611_1669514593.jpg, 13848055
1612_1669518068.jpg, 13848055
1613_1669518080.jpg, 48322464
1614_1669518139.jpg, 13848055
1615_1669518192.jpg, 13848055
1616_1669521661.jpg, 13848524
1617_1669521688.jpg, 98328434
1618_1669521745.jpg, 13848558
1619_1669521807.jpg, 13848571
161_1668200462.jpg, 13735528
1620_1669525253.jpg, 13849482
1621_1669525277.jpg, 49368936
1622_1669525337.jpg, 13849512
1623_1669525398.jpg, 13849525
1624_1669528873.jpg, 13849735
1625_1669528895.jpg, 13849754
1626_1669528953.jpg, 13849755
1627_1669529013.jpg, 13849765
1628_1669532462.jpg, 13849799
1629_1669532478.jpg, 13849799
162_1668200478.jpg, 13735528
1630_1669532540.jpg, 13849795
1631_1669532594.jpg, 13849199
1632_1669536052.jpg, 13849845
1633_1669536073.jpg, 13849854
1634_1669536134.jpg, 13849854
1635_1669536196.jpg, 13849856
1636_1669539673.jpg, 13850699
1637_1669539678.jpg, 13850709
1638_1669539746.jpg, 13850727
1639_1669539793.jpg, 13850745
163_1668200553.jpg, 13735525
1640_1669543262.jpg, 13851636
1641_1669543275.jpg, 13851653
1642_1669543338.jpg, 13851660
1643_1669543392.jpg, 13851682
1644_1669546877.jpg, 13851841
1645_1669546900.jpg, 13851849
1646_1669546954.jpg, 13851849
1647_1669547008.jpg, 13851848
1648_1669550473.jpg, 13851911
1649_1669550492.jpg, 13851911
164_1668200606.jpg, 13735529
1650_1669550552.jpg, 13851917
1651_1669550608.jpg, 13851911
1652_1669554057.jpg, 13851985
1653_1669554072.jpg, 13851985
1654_1669554149.jpg, 13851985
1655_1669554195.jpg, 13851985
1656_1669557662.jpg, 13852699
1657_1669557711.jpg, 13852716
1658_1669557743.jpg, 13852723
1659_1669557805.jpg, 13852738
165_1668204071.jpg, 13735539
1660_1669561271.jpg, 13853605
1661_1669561278.jpg, 13853676
1662_1669561356.jpg, 13853649
1663_1669561403.jpg, 13853644
1664_1669564860.jpg, 13854492
1665_1669564885.jpg, 13854504
1666_1669564932.jpg, 13854519
1667_1669565002.jpg, 13854533
1668_1669568460.jpg, 13854684
1669_1669568476.jpg, 13854684
166_1668204090.jpg, 13735535
1670_1669568550.jpg, 13854687
1671_1669568611.jpg, 13854686
1672_1669572075.jpg, 13854834
1673_1669572096.jpg, 13854848
1674_1669572148.jpg, 13854859
1675_1669572205.jpg, 13854875
1676_1669575673.jpg, 13854980
1677_1669575692.jpg, 13854980
1678_1669575747.jpg, 13854980
1679_1669575812.jpg, 13854980
167_1668204150.jpg, 13735535
1680_1669579270.jpg, 13855737
1681_1669579280.jpg, 13855726
1682_1669579351.jpg, 13855762
1683_1669579409.jpg, 13855780
1684_1669582857.jpg, 13856679
1685_1669582875.jpg, 13856691
1686_1669582934.jpg, 13856712
1687_1669582995.jpg, 13856749
1688_1669586463.jpg, 13857363
1689_1669586486.jpg, 13857363
168_1668204207.jpg, 13735539
1690_1669586552.jpg, 13857363
1691_1669586606.jpg, 13857380
1692_1669590056.jpg, 13857438
1693_1669590089.jpg, 13857434
1694_1669590138.jpg, 13857438
1695_1669590202.jpg, 13857434
1696_1669593671.jpg, 13857443
1697_1669593685.jpg, 13857447
1698_1669593735.jpg, 13857441
1699_1669593801.jpg, 14857447
169_1668207673.jpg, 13735935
16_1667869208.jpg, 13712898
16_1674460829.jpg, 14334932
1700_1669597269.jpg, 13857441
1701_1669597287.jpg, 13857441
1702_1669597337.jpg, 13857441
1703_1669597397.jpg, 13857447
1704_1669600872.jpg, 13857441
1705_1669600885.jpg, 13857447
1706_1669600945.jpg, 13857447
1707_1669601007.jpg, 13857441
1708_1669604465.jpg, 13857441
1709_1669604488.jpg, 28366861
170_1668207680.jpg, 13735958
1710_1669604538.jpg, 13857441
1711_1669604596.jpg, 13857441
1712_1669608072.jpg, 13857634
1713_1669608092.jpg, 13857634
1714_1669608143.jpg, 13857634
1715_1669608204.jpg, 13857638
1716_1669611673.jpg, 13857662
1717_1669611682.jpg, 13857664
1718_1669611745.jpg, 13857662
1719_1669611804.jpg, 13857664
171_1668207744.jpg, 13735974
1720_1669615261.jpg, 13857717
1721_1669615274.jpg, 13857733
1722_1669615338.jpg, 13857733
1723_1669615398.jpg, 13857733
1724_1669618881.jpg, 13857733
1725_1669618945.jpg, 13857733
1726_1669619002.jpg, 13857733
1727_1669622476.jpg, 13857748
1728_1669622496.jpg, 13857746
1729_1669622550.jpg, 13857746
172_1668207800.jpg, 13735995
1730_1669622609.jpg, 13857746
1731_1669626073.jpg, 13857755
1732_1669626093.jpg, 13857755
1733_1669626148.jpg, 13857755
1734_1669626212.jpg, 13857755
1735_1669629677.jpg, 13857772
1736_1669629698.jpg, 13857775
1737_1669629751.jpg, 13857775
1738_1669629806.jpg, 13857772
1739_1669633278.jpg, 13857775
173_1668211238.jpg, 13736909
1740_1669633298.jpg, 13857772
1741_1669633352.jpg, 13857772
1742_1669633408.jpg, 13857772
1743_1669636875.jpg, 13857772
1744_1669636896.jpg, 13857772
1745_1669636952.jpg, 13857772
1746_1669637011.jpg, 13857772
1747_1669640474.jpg, 13857772
1748_1669640490.jpg, 13857772
1749_1669640546.jpg, 13857775
174_1668211284.jpg, 13736923
1750_1669640594.jpg, 13857772
1751_1669644077.jpg, 13857814
1752_1669644097.jpg, 13857814
1753_1669644152.jpg, 13857814
1754_1669644210.jpg, 13857874
1755_1669647674.jpg, 13858628
1756_1669647696.jpg, 13858645
1757_1669647751.jpg, 13858665
1758_1669647809.jpg, 13858679
1759_1669651277.jpg, 13859652
175_1668211354.jpg, 13736938
1760_1669651300.jpg, 13859667
1761_1669651349.jpg, 13859684
1762_1669651411.jpg, 13859704
1763_1669654873.jpg, 13860619
1764_1669654893.jpg, 13860633
1765_1669654943.jpg, 13860659
1766_1669654993.jpg, 13860666
1767_1669658474.jpg, 13867434
1768_1669658494.jpg, 13861434
1769_1669658550.jpg, 13861434
176_1668211412.jpg, 13736953
1770_1669658611.jpg, 13861434
1771_1669662074.jpg, 13861439
1772_1669662093.jpg, 13861439
1773_1669662148.jpg, 13861459
1774_1669662211.jpg, 13861459
1775_1669665674.jpg, 13861585
1776_1669665693.jpg, 13861586
1777_1669665748.jpg, 13861582
1778_1669665805.jpg, 13861582
1779_1669669260.jpg, 13861829
177_1668214862.jpg, 13737395
1780_1669669274.jpg, 13861829
1781_1669669340.jpg, 13861829
1782_1669669399.jpg, 13861826
1783_1669672854.jpg, 13862833
1784_1669672885.jpg, 13862840
1785_1669672934.jpg, 13862864
1786_1669673010.jpg, 13862888
1787_1669676467.jpg, 13863336
1788_1669676484.jpg, 13863335
1789_1669676534.jpg, 13863336
178_1668214883.jpg, 13737395
1790_1669676601.jpg, 13863335
1791_1669680064.jpg, 48322426
1792_1669680089.jpg, 13863336
1793_1669680151.jpg, 13863336
1794_1669680208.jpg, 13863336
1795_1669683653.jpg, 13863332
1796_1669683673.jpg, 13863336
1797_1669683733.jpg, 13863336
1798_1669683799.jpg, 13863332
1799_1669687278.jpg, 13863338
179_1668214950.jpg, 13737395
17_1667872809.jpg, 13712898
17_1674475225.jpg, 14336574
1800_1669687299.jpg, 14863332
1801_1669687351.jpg, 13863332
1802_1669687410.jpg, 28396822
1803_1669690856.jpg, 13863336
1804_1669690885.jpg, 13863336
1805_1669690946.jpg, 13863338
1806_1669690992.jpg, 13863332
1807_1669694453.jpg, 13863672
1808_1669694482.jpg, 13863688
1809_1669694545.jpg, 13863707
180_1668214997.jpg, 13737395
1810_1669694606.jpg, 13863726
1811_1669698077.jpg, 13864693
1812_1669698098.jpg, 13864708
1813_1669698154.jpg, 13864724
1814_1669698215.jpg, 98321834
1815_1669701683.jpg, 13865639
1816_1669701699.jpg, 13865652
1817_1669701749.jpg, 13865670
1818_1669701801.jpg, 13865688
1819_1669705275.jpg, 13866876
181_1668218482.jpg, 13737335
1820_1669705292.jpg, 13866613
1821_1669705350.jpg, 13866626
1822_1669705408.jpg, 13866643
1823_1669708869.jpg, 13866675
1824_1669708885.jpg, 13866675
1825_1669708949.jpg, 13866675
1826_1669709007.jpg, 13866678
1827_1669712474.jpg, 13866675
1828_1669712494.jpg, 13866675
1829_1669712553.jpg, 13866675
182_1668218501.jpg, 13737398
1830_1669712611.jpg, 13866678
1831_1669716061.jpg, 13866767
1832_1669716075.jpg, 13866771
1833_1669716137.jpg, 13866783
1834_1669716196.jpg, 13866791
1835_1669719677.jpg, 13866851
1836_1669719698.jpg, 13866851
1837_1669719751.jpg, 13866851
1838_1669719811.jpg, 13866851
1839_1669723264.jpg, 13866851
183_1668218556.jpg, 13737399
1840_1669723274.jpg, 13866851
1841_1669723348.jpg, 13866851
1842_1669723409.jpg, 13866875
1843_1669726873.jpg, 13867994
1844_1669726887.jpg, 13868007
1845_1669726950.jpg, 13868016
1846_1669727008.jpg, 13868074
1847_1669730471.jpg, 13868070
1848_1669730475.jpg, 13868030
1849_1669730543.jpg, 13868070
184_1668218613.jpg, 13737395
1850_1669730599.jpg, 13868026
1851_1669734068.jpg, 13868028
1852_1669734074.jpg, 13868028
1853_1669734139.jpg, 13868026
1854_1669734194.jpg, 13868028
1855_1669737654.jpg, 13868049
1856_1669737681.jpg, 13868049
1857_1669737736.jpg, 13868049
1858_1669737807.jpg, 13868048
1859_1669741273.jpg, 13868994
185_1668222069.jpg, 13737398
1860_1669741290.jpg, 13869007
1861_1669741339.jpg, 13869023
1862_1669741399.jpg, 13869040
1863_1669744860.jpg, 13869593
1864_1669744875.jpg, 13869608
1865_1669744952.jpg, 13869625
1866_1669745006.jpg, 13869641
1867_1669748465.jpg, 13870188
1868_1669748482.jpg, 13870785
1869_1669748549.jpg, 13870185
186_1668222090.jpg, 13737395
1870_1669748608.jpg, 13870189
1871_1669752073.jpg, 13870362
1872_1669752089.jpg, 13870362
1873_1669752137.jpg, 13870362
1874_1669752195.jpg, 13870362
1875_1669755667.jpg, 13870575
1876_1669755683.jpg, 13870597
1877_1669755735.jpg, 13870674
1878_1669755810.jpg, 13870634
1879_1669759257.jpg, 13871576
187_1668222151.jpg, 13737395
1880_1669759284.jpg, 13871590
1881_1669759338.jpg, 13871604
1882_1669759404.jpg, 13871621
1883_1669762880.jpg, 78322862
1884_1669762900.jpg, 48324417
1885_1669762952.jpg, 13872124
1886_1669763012.jpg, 13872124
1887_1669766462.jpg, 13872144
1888_1669766475.jpg, 13872145
1889_1669766551.jpg, 13872143
188_1668222211.jpg, 13737395
1890_1669766608.jpg, 13872144
1891_1669770074.jpg, 13872144
1892_1669770085.jpg, 13872744
1893_1669770148.jpg, 13872144
1894_1669770205.jpg, 13872144
1895_1669773676.jpg, 78322863
1896_1669773696.jpg, 13872144
1897_1669773750.jpg, 13872144
1898_1669773805.jpg, 13872745
1899_1669777257.jpg, 13872744
189_1668225660.jpg, 13737395
18_1667876409.jpg, 98323633
18_1674489625.jpg, 14337603
1900_1669777290.jpg, 13872144
1901_1669777333.jpg, 13872144
1902_1669777406.jpg, 13872144
1903_1669780866.jpg, 13872164
1904_1669780889.jpg, 13872160
1905_1669780952.jpg, 13872164
1906_1669781011.jpg, 13872164
1907_1669784475.jpg, 13872165
1908_1669784484.jpg, 13872165
1909_1669784542.jpg, 13872165
190_1668225674.jpg, 48322723
1910_1669784600.jpg, 14872168
1911_1669788074.jpg, 13872776
1912_1669788089.jpg, 13872792
1913_1669788151.jpg, 13872819
1914_1669788210.jpg, 13872849
1915_1669791685.jpg, 13873819
1916_1669791696.jpg, 13873828
1917_1669791744.jpg, 13873844
1918_1669791810.jpg, 13873859
1919_1669795265.jpg, 13874808
191_1668225736.jpg, 13737395
1920_1669795279.jpg, 13874817
1921_1669795342.jpg, 13874825
1922_1669795397.jpg, 13874870
1923_1669798827.jpg, 13875454
1924_1669798885.jpg, 13875454
1925_1669798946.jpg, 13875459
1926_1669799006.jpg, 13875459
1927_1669802471.jpg, 13875460
1928_1669802491.jpg, 13875460
1929_1669802547.jpg, 13875460
192_1668225796.jpg, 13737395
1930_1669802593.jpg, 13875460
1931_1669806070.jpg, 13875460
1932_1669806090.jpg, 13875460
1933_1669806151.jpg, 13875460
1934_1669806211.jpg, 13875460
1935_1669809680.jpg, 13876221
1936_1669809700.jpg, 13876238
1937_1669809750.jpg, 13876254
1938_1669809810.jpg, 13876267
1939_1669813263.jpg, 13876908
193_1668229273.jpg, 13737395
1940_1669813290.jpg, 13876908
1941_1669813335.jpg, 78322862
1942_1669813402.jpg, 13876908
1943_1669816864.jpg, 13877188
1944_1669816879.jpg, 13877219
1945_1669816935.jpg, 13877248
1946_1669816998.jpg, 13877261
1947_1669820482.jpg, 13878168
1948_1669820500.jpg, 13878182
1949_1669820548.jpg, 48364226
194_1668229296.jpg, 13737410
1950_1669820607.jpg, 48324434
1951_1669824076.jpg, 13879089
1952_1669824093.jpg, 13879093
1953_1669824137.jpg, 13879110
1954_1669827662.jpg, 13879867
1955_1669827679.jpg, 13879867
1956_1669827747.jpg, 13879867
1957_1669827799.jpg, 13879867
1958_1669831271.jpg, 13880044
1959_1669831287.jpg, 26339861
195_1668229353.jpg, 13737433
1960_1669831339.jpg, 13880041
1961_1669831408.jpg, 13880045
1962_1669834878.jpg, 76321868
1963_1669834896.jpg, 13880041
1964_1669834943.jpg, 13880044
1965_1669835008.jpg, 13880043
1966_1669838467.jpg, 13880784
1967_1669838474.jpg, 13880794
1968_1669838534.jpg, 13880838
1969_1669838595.jpg, 13880825
196_1668229413.jpg, 98323633
1970_1669842064.jpg, 13881454
1971_1669842083.jpg, 13881454
1972_1669842139.jpg, 13881452
1973_1669842201.jpg, 13881450
1974_1669845682.jpg, 13881544
1975_1669845700.jpg, 13881544
1976_1669845753.jpg, 48321424
1977_1669845814.jpg, 13881544
1978_1669849256.jpg, 13881586
1979_1669849284.jpg, 13881586
197_1668232871.jpg, 13738577
1980_1669849343.jpg, 13887586
1981_1669849396.jpg, 68321864
1982_1669852877.jpg, 13881586
1983_1669852897.jpg, 13887586
1984_1669852949.jpg, 13881586
1985_1669853000.jpg, 13881586
1986_1669856489.jpg, 13881586
1987_1669856502.jpg, 13881586
1988_1669856548.jpg, 13881586
1989_1669856610.jpg, 13881586
198_1668232886.jpg, 13738532
1990_1669860091.jpg, 13881586
1991_1669860100.jpg, 48321464
1992_1669860160.jpg, 48327422
1993_1669860215.jpg, 13881586
1994_1669863695.jpg, 13887586
1995_1669863703.jpg, 13881586
1996_1669863749.jpg, 13881586
1997_1669863809.jpg, 13881586
1998_1669867283.jpg, 13881685
1999_1669867300.jpg, 13881685
199_1668232950.jpg, 13738544
19_1667880009.jpg, 13712986
19_1674504028.jpg, 14340107
1_1667826934.jpg, 13710424
1_1674124499.jpg, 14298870
1_1674302255.jpg, 14318896
2000_1669867356.jpg, 13881685
2001_1669867407.jpg, 13881685
2002_1669870888.jpg, 13881688
2003_1669870900.jpg, 13881688
2004_1669870950.jpg, 13881688
2005_1669871013.jpg, 13881689
2006_1669874450.jpg, 98329868
2007_1669874474.jpg, 13881944
2008_1669874548.jpg, 13881963
2009_1669874605.jpg, 13881987
200_1668233000.jpg, 13738562
2010_1669878077.jpg, 13883044
2011_1669878097.jpg, 13883057
2012_1669878141.jpg, 13883074
2013_1669878207.jpg, 13883098
2014_1669881676.jpg, 13884032
2015_1669881696.jpg, 13884047
2016_1669881749.jpg, 13884060
2017_1669881810.jpg, 13884080
2018_1669885285.jpg, 13884984
2019_1669885300.jpg, 13884995
201_1668236455.jpg, 13738698
2020_1669885349.jpg, 13885011
2021_1669885410.jpg, 13885027
2022_1669888900.jpg, 13885096
2023_1669888960.jpg, 13885099
2024_1669889014.jpg, 13885099
2025_1669892489.jpg, 13885098
2026_1669892501.jpg, 13885099
2027_1669892552.jpg, 13885096
2028_1669892611.jpg, 13885090
2029_1669896081.jpg, 13885099
202_1668236490.jpg, 13738698
2030_1669896100.jpg, 13885099
2031_1669896149.jpg, 13885096
2032_1669896210.jpg, 13885096
2033_1669899686.jpg, 13885096
2034_1669899700.jpg, 13885099
2035_1669899752.jpg, 13885099
2036_1669899808.jpg, 13885096
2037_1669903280.jpg, 13885304
2038_1669903300.jpg, 13885340
2039_1669903351.jpg, 13885379
203_1668236552.jpg, 13738698
2040_1669903412.jpg, 13885408
2041_1669906854.jpg, 13886364
2042_1669906875.jpg, 13886382
2043_1669906938.jpg, 13886398
2044_1669907001.jpg, 13886474
2045_1669910462.jpg, 13887316
2046_1669910475.jpg, 13887331
2047_1669910532.jpg, 13887347
2048_1669910591.jpg, 13887359
2049_1669914095.jpg, 13888225
204_1668236613.jpg, 13738698
2050_1669914100.jpg, 79329862
2051_1669914155.jpg, 13888252
2052_1669914215.jpg, 13888269
2053_1669917696.jpg, 13888949
2054_1669917700.jpg, 13888934
2055_1669917743.jpg, 13888938
2056_1669917801.jpg, 13888934
2057_1669921281.jpg, 78322867
2058_1669921299.jpg, 13888854
2059_1669921351.jpg, 13888854
205_1668240073.jpg, 13738735
2060_1669921410.jpg, 13888854
2061_1669924877.jpg, 13888938
2062_1669924895.jpg, 13888938
2063_1669924949.jpg, 13888938
2064_1669925009.jpg, 13888938
2065_1669928475.jpg, 13889674
2066_1669928496.jpg, 13889688
2067_1669928547.jpg, 13889704
2068_1669928608.jpg, 13889718
2069_1669932068.jpg, 13890574
206_1668240095.jpg, 13738733
2070_1669932091.jpg, 13890592
2071_1669932149.jpg, 13890607
2072_1669932211.jpg, 13890622
2073_1669935677.jpg, 13891365
2074_1669935698.jpg, 13891365
2075_1669935745.jpg, 48322435
2076_1669935806.jpg, 13841365
2077_1669939263.jpg, 13891393
2078_1669939288.jpg, 13891397
2079_1669939338.jpg, 13891397
207_1668240151.jpg, 13738736
2080_1669939403.jpg, 13891397
2081_1669942882.jpg, 13891394
2082_1669942900.jpg, 13891393
2083_1669942950.jpg, 13891393
2084_1669943010.jpg, 13891397
2085_1669946484.jpg, 13891393
2086_1669946501.jpg, 48321464
2087_1669946546.jpg, 13891393
2088_1669946611.jpg, 13897394
2089_1669950078.jpg, 13891394
208_1668240212.jpg, 13738736
2090_1669950093.jpg, 13891397
2091_1669950142.jpg, 13891393
2092_1669950200.jpg, 13891394
2093_1669953675.jpg, 13891405
2094_1669953697.jpg, 13891409
2095_1669953748.jpg, 13891409
2096_1669953809.jpg, 13891409
2097_1669957268.jpg, 13897478
2098_1669957274.jpg, 13891439
2099_1669957337.jpg, 13891439
209_1668243675.jpg, 13738804
20_1667883608.jpg, 13712989
20_1674518423.jpg, 14341462
2100_1669957401.jpg, 78322228
2101_1669960882.jpg, 13891928
2102_1669960902.jpg, 13891931
2103_1669960951.jpg, 68321464
2104_1669961009.jpg, 13891978
2105_1669964472.jpg, 13892954
2106_1669964489.jpg, 13892968
2107_1669964547.jpg, 78328866
2108_1669964608.jpg, 13893004
2109_1669968078.jpg, 13883936
210_1668243696.jpg, 13738806
2110_1669968093.jpg, 13893953
2111_1669968141.jpg, 13893999
2112_1669968210.jpg, 13893985
2113_1669971669.jpg, 13894884
2114_1669971688.jpg, 13884903
2115_1669971738.jpg, 13884924
2116_1669971800.jpg, 13844944
2117_1669975259.jpg, 13885459
2118_1669975284.jpg, 13885810
2119_1669975333.jpg, 13895828
211_1668243750.jpg, 13738808
2120_1669975396.jpg, 13895843
2121_1669978868.jpg, 13846338
2122_1669978875.jpg, 13896338
2123_1669978938.jpg, 13896338
2124_1669979001.jpg, 13896338
2125_1669982456.jpg, 13896372
2126_1669982480.jpg, 13896372
2127_1669982532.jpg, 13886375
2128_1669982592.jpg, 13886372
2129_1669986016.jpg, 13886372
212_1668243810.jpg, 13738804
2130_1669986069.jpg, 13886372
2131_1669986129.jpg, 13886374
2132_1669986190.jpg, 13886374
2133_1669989615.jpg, 13886793
2134_1669989670.jpg, 13886803
2135_1669989729.jpg, 13886825
2136_1669989789.jpg, 13886832
2137_1669993215.jpg, 13897753
2138_1669993269.jpg, 13897789
2139_1669993330.jpg, 13897878
213_1668247273.jpg, 13738845
2140_1669993389.jpg, 13897838
2141_1669996817.jpg, 13888777
2142_1669996872.jpg, 13888759
2143_1669996930.jpg, 13848804
2144_1669996990.jpg, 13848878
2145_1670000416.jpg, 13848848
2146_1670000470.jpg, 48321464
2147_1670000530.jpg, 13888848
2148_1670000590.jpg, 13888848
2149_1670004015.jpg, 13888848
214_1668247296.jpg, 13738839
2150_1670004070.jpg, 13898848
2151_1670004129.jpg, 78329465
2152_1670004190.jpg, 13898848
2153_1670007615.jpg, 13889309
2154_1670007670.jpg, 13889323
2155_1670007729.jpg, 13849338
2156_1670007789.jpg, 13889350
2157_1670011215.jpg, 78382668
2158_1670011269.jpg, 13900297
2159_1670011330.jpg, 13900375
215_1668247352.jpg, 13738836
2160_1670011389.jpg, 13900328
2161_1670014814.jpg, 68327434
2162_1670014869.jpg, 13901042
2163_1670014929.jpg, 13901042
2164_1670014990.jpg, 13901044
2165_1670018415.jpg, 13901042
2166_1670018470.jpg, 78321934
2167_1670018529.jpg, 13901042
2168_1670018589.jpg, 13901042
2169_1670022014.jpg, 13901062
216_1668247412.jpg, 13738836
2170_1670022069.jpg, 13901064
2171_1670022129.jpg, 78322934
2172_1670022189.jpg, 13901064
2173_1670025616.jpg, 13901628
2174_1670025669.jpg, 13901625
2175_1670025730.jpg, 13901628
2176_1670025790.jpg, 49328464
2177_1670029216.jpg, 13901626
2178_1670029270.jpg, 13901628
2179_1670029330.jpg, 13907628
217_1668250876.jpg, 13739094
2180_1670029391.jpg, 13901625
2181_1670032816.jpg, 13901628
2182_1670032870.jpg, 13901628
2183_1670032929.jpg, 13901625
2184_1670032990.jpg, 13901625
2185_1670036416.jpg, 13907628
2186_1670036471.jpg, 78336624
2187_1670036529.jpg, 13901628
2188_1670036590.jpg, 13901628
2189_1670040016.jpg, 13901628
218_1668250896.jpg, 13739094
2190_1670040070.jpg, 13907628
2191_1670040129.jpg, 13901625
2192_1670040190.jpg, 13901625
2193_1670043615.jpg, 13902314
2194_1670043670.jpg, 13902327
2195_1670043730.jpg, 13902348
2196_1670043790.jpg, 13902362
2197_1670047216.jpg, 13903403
2198_1670047270.jpg, 13903422
2199_1670047330.jpg, 13903440
219_1668250950.jpg, 13739094
21_1667887208.jpg, 13713574
21_1674532823.jpg, 14341460
2200_1670047391.jpg, 13903456
2201_1670050815.jpg, 13903510
2202_1670050870.jpg, 13903528
2203_1670050930.jpg, 13903525
2204_1670050989.jpg, 13903525
2205_1670054416.jpg, 13903774
2206_1670054470.jpg, 13903714
2207_1670054530.jpg, 13903714
2208_1670054590.jpg, 13903714
2209_1670058015.jpg, 13903723
220_1668251010.jpg, 13739094
2210_1670058069.jpg, 13903725
2211_1670058130.jpg, 13903723
2212_1670058189.jpg, 13903723
2213_1670061615.jpg, 13904563
2214_1670061670.jpg, 13904569
2215_1670061729.jpg, 13904597
2216_1670061790.jpg, 13904615
2217_1670065215.jpg, 13905267
2218_1670065269.jpg, 13905263
2219_1670065330.jpg, 13905273
221_1668254466.jpg, 13739239
2220_1670065389.jpg, 13905286
2221_1670068816.jpg, 13905304
2222_1670068874.jpg, 13905304
2223_1670068930.jpg, 13905302
2224_1670068989.jpg, 13905302
2225_1670072416.jpg, 13905354
2226_1670072470.jpg, 13905357
2227_1670072529.jpg, 13905360
2228_1670072589.jpg, 13905369
2229_1670076014.jpg, 13905363
222_1668254483.jpg, 13739251
2230_1670076071.jpg, 13905363
2231_1670076129.jpg, 13905369
2232_1670076189.jpg, 13905369
2233_1670079614.jpg, 39064784
2234_1670079669.jpg, 13906434
2235_1670079729.jpg, 13906453
2236_1670079789.jpg, 13906476
2237_1670083216.jpg, 13907478
2238_1670083270.jpg, 13907498
2239_1670083329.jpg, 13907504
223_1668254544.jpg, 13739268
2240_1670083389.jpg, 13907523
2241_1670086815.jpg, 13907735
2242_1670086871.jpg, 13907735
2243_1670086930.jpg, 13907135
2244_1670086990.jpg, 13907734
2245_1670090417.jpg, 13907859
2246_1670090469.jpg, 13907858
2247_1670090530.jpg, 13907858
2248_1670090589.jpg, 13907858
2249_1670094015.jpg, 13908034
224_1668254603.jpg, 13739284
2250_1670094069.jpg, 13908034
2251_1670094130.jpg, 13908034
2252_1670094189.jpg, 13908037
2253_1670097616.jpg, 13909123
2254_1670097669.jpg, 13909138
2255_1670097729.jpg, 13909154
2256_1670097789.jpg, 13909170
2257_1670101216.jpg, 13910083
2258_1670101269.jpg, 13910100
2259_1670101330.jpg, 13910177
225_1668258074.jpg, 13739463
2260_1670101389.jpg, 48322963
2261_1670104817.jpg, 13910824
2262_1670104870.jpg, 13910824
2263_1670104929.jpg, 29339926
2264_1670104991.jpg, 13910824
2265_1670108419.jpg, 13910863
2266_1670108470.jpg, 13910863
2267_1670108530.jpg, 13910863
2268_1670108590.jpg, 13910863
2269_1670112014.jpg, 13910863
226_1668258095.jpg, 13739463
2270_1670112070.jpg, 13910863
2271_1670112130.jpg, 13910863
2272_1670112190.jpg, 13910863
2273_1670115616.jpg, 13911594
2274_1670115671.jpg, 13911604
2275_1670115729.jpg, 13911620
2276_1670115790.jpg, 13911640
2277_1670119217.jpg, 13912568
2278_1670119271.jpg, 13912574
2279_1670119329.jpg, 13912590
227_1668258152.jpg, 13739463
2280_1670119389.jpg, 13912606
2281_1670122814.jpg, 13913261
2282_1670122870.jpg, 13913261
2283_1670122931.jpg, 13913261
2284_1670122992.jpg, 13913261
2285_1670126417.jpg, 13913261
2286_1670126469.jpg, 78322963
2287_1670126530.jpg, 13913261
2288_1670126594.jpg, 13913261
2289_1670130017.jpg, 13913261
228_1668258212.jpg, 13739463
2290_1670130071.jpg, 13913261
2291_1670130129.jpg, 13913261
2292_1670130190.jpg, 13913261
2293_1670133616.jpg, 13913914
2294_1670133670.jpg, 13913926
2295_1670133729.jpg, 13913945
2296_1670133791.jpg, 48323468
2297_1670137216.jpg, 13914880
2298_1670137271.jpg, 13914893
2299_1670137329.jpg, 13914908
229_1668261679.jpg, 13739463
22_1667890809.jpg, 13714522
22_1674547224.jpg, 14343384
2300_1670137390.jpg, 13914924
2301_1670140817.jpg, 13915427
2302_1670140870.jpg, 13915427
2303_1670140930.jpg, 13915455
2304_1670140990.jpg, 13915455
2305_1670144415.jpg, 13915900
2306_1670144470.jpg, 13915958
2307_1670144529.jpg, 13915934
2308_1670144590.jpg, 13915959
2309_1670148015.jpg, 13916972
230_1668261700.jpg, 13739463
2310_1670148070.jpg, 13916920
2311_1670148130.jpg, 13916942
2312_1670148189.jpg, 13916964
2313_1670151615.jpg, 13917876
2314_1670151669.jpg, 13911886
2315_1670151730.jpg, 13917905
2316_1670151791.jpg, 13917916
2317_1670155219.jpg, 13918049
2318_1670155269.jpg, 13918049
2319_1670155330.jpg, 13918029
231_1668261752.jpg, 13739463
2320_1670155389.jpg, 13918048
2321_1670158815.jpg, 13918034
2322_1670158869.jpg, 13918034
2323_1670158929.jpg, 13918032
2324_1670158990.jpg, 13918032
2325_1670162416.jpg, 13918129
2326_1670162469.jpg, 13918149
2327_1670162530.jpg, 13918126
2328_1670162592.jpg, 13918135
2329_1670166016.jpg, 13918680
232_1668261809.jpg, 13739463
2330_1670166070.jpg, 13918692
2331_1670166130.jpg, 13918701
2332_1670166190.jpg, 13918725
2333_1670169616.jpg, 13919663
2334_1670169670.jpg, 13919673
2335_1670169729.jpg, 13919699
2336_1670169790.jpg, 13919708
2337_1670173215.jpg, 13919459
2338_1670173270.jpg, 13914428
2339_1670173329.jpg, 68365488
233_1668265267.jpg, 13740525
2340_1670173390.jpg, 13919459
2341_1670176817.jpg, 13919749
2342_1670176870.jpg, 76322863
2343_1670176930.jpg, 13919459
2344_1670176989.jpg, 13919499
2345_1670180417.jpg, 78396963
2346_1670180471.jpg, 13919459
2347_1670180532.jpg, 13914728
2348_1670180590.jpg, 13919728
2349_1670184017.jpg, 13919988
234_1668265286.jpg, 13740438
2350_1670184070.jpg, 13919985
2351_1670184134.jpg, 13919985
2352_1670184191.jpg, 48368468
2353_1670187615.jpg, 48368462
2354_1670187670.jpg, 13921125
2355_1670187729.jpg, 13921143
2356_1670187790.jpg, 13921169
2357_1670191214.jpg, 13922088
2358_1670191270.jpg, 13922096
2359_1670191329.jpg, 13922096
235_1668265349.jpg, 13740458
2360_1670191390.jpg, 13922096
2361_1670194815.jpg, 49332638
2362_1670194870.jpg, 13922206
2363_1670194929.jpg, 76321832
2364_1670194990.jpg, 13922217
2365_1670198412.jpg, 13922295
2366_1670198470.jpg, 13922297
2367_1670198529.jpg, 13922297
2368_1670198590.jpg, 13922294
2369_1670202014.jpg, 13922297
236_1668265403.jpg, 13740476
2370_1670202069.jpg, 13922297
2371_1670202129.jpg, 13922297
2372_1670202190.jpg, 13922297
2373_1670205615.jpg, 13922297
2374_1670205669.jpg, 13922297
2375_1670205730.jpg, 13922292
2376_1670205789.jpg, 48962634
2377_1670209215.jpg, 13922297
2378_1670209269.jpg, 13922297
2379_1670209329.jpg, 13922297
237_1668268868.jpg, 13747352
2380_1670209389.jpg, 13922297
2381_1670212810.jpg, 13922317
2382_1670212869.jpg, 13922317
2383_1670212929.jpg, 13922317
2384_1670212989.jpg, 13922317
2385_1670216415.jpg, 13922328
2386_1670216469.jpg, 13922328
2387_1670216529.jpg, 13922328
2388_1670216589.jpg, 13922328
2389_1670220016.jpg, 13922935
238_1668268887.jpg, 13747365
2390_1670220069.jpg, 13922955
2391_1670220130.jpg, 18922978
2392_1670220191.jpg, 13922988
2393_1670223615.jpg, 13924070
2394_1670223670.jpg, 13924027
2395_1670223730.jpg, 13924044
2396_1670223790.jpg, 13924065
2397_1670227215.jpg, 13924838
2398_1670227271.jpg, 13924849
2399_1670227329.jpg, 13924839
239_1668268951.jpg, 13741385
23_1667894409.jpg, 13714779
23_1674561623.jpg, 14344157
2400_1670227389.jpg, 13924838
2401_1670230817.jpg, 13924843
2402_1670230870.jpg, 13924843
2403_1670230929.jpg, 13924843
2404_1670230990.jpg, 13924843
2405_1670234415.jpg, 13924862
2406_1670234469.jpg, 13924862
2407_1670234530.jpg, 13924862
2408_1670234591.jpg, 13924862
2409_1670238016.jpg, 13924862
240_1668269004.jpg, 13747408
2410_1670238069.jpg, 13924862
2411_1670238130.jpg, 13924862
2412_1670238189.jpg, 13924862
2413_1670241617.jpg, 13925814
2414_1670241670.jpg, 13925868
2415_1670241729.jpg, 13925847
2416_1670241789.jpg, 13925864
2417_1670245216.jpg, 13926661
2418_1670245270.jpg, 13926661
2419_1670245329.jpg, 13926661
241_1668272464.jpg, 13742143
2420_1670245390.jpg, 13926661
2421_1670248815.jpg, 13926702
2422_1670248930.jpg, 13926702
2423_1670248989.jpg, 13826702
2424_1670252414.jpg, 13926704
2425_1670252470.jpg, 13926704
2426_1670252530.jpg, 13826704
2427_1670252590.jpg, 13926704
2428_1670256015.jpg, 13926774
2429_1670256070.jpg, 13926710
242_1668272478.jpg, 13742147
2430_1670256131.jpg, 13826710
2431_1670256190.jpg, 13926774
2432_1670259617.jpg, 13927294
2433_1670259669.jpg, 13927308
2434_1670259730.jpg, 13927325
2435_1670259791.jpg, 13927343
2436_1670263215.jpg, 13928324
2437_1670263269.jpg, 13928324
2438_1670263329.jpg, 13928324
2439_1670263389.jpg, 13928345
243_1668272539.jpg, 13742147
2440_1670266815.jpg, 13928660
2441_1670266873.jpg, 13928660
2442_1670266932.jpg, 13928660
2443_1670266993.jpg, 48368936
2444_1670270414.jpg, 13928740
2445_1670270471.jpg, 13928740
2446_1670270529.jpg, 13928750
2447_1670270592.jpg, 13928750
2448_1670274017.jpg, 13928885
2449_1670274069.jpg, 13928882
244_1668272608.jpg, 13742143
2450_1670274129.jpg, 13928885
2451_1670274189.jpg, 13928882
2452_1670277614.jpg, 13928910
2453_1670277669.jpg, 13928910
2454_1670277729.jpg, 13928915
2455_1670277792.jpg, 13928922
2456_1670281215.jpg, 13929704
2457_1670281270.jpg, 13929724
2458_1670281330.jpg, 13929739
2459_1670281391.jpg, 13929756
245_1668276069.jpg, 13742229
2460_1670284818.jpg, 13930412
2461_1670284870.jpg, 13930412
2462_1670284930.jpg, 13930412
2463_1670284989.jpg, 13930412
2464_1670288414.jpg, 13930474
2465_1670288470.jpg, 13930412
2466_1670288529.jpg, 13930472
2467_1670288590.jpg, 13930474
2468_1670292017.jpg, 13930472
2469_1670292070.jpg, 13930472
246_1668279671.jpg, 13742229
2470_1670292129.jpg, 13930474
2471_1670292189.jpg, 13930414
2472_1670295615.jpg, 13930412
2473_1670295670.jpg, 13930412
2474_1670295729.jpg, 13930412
2475_1670295789.jpg, 13930412
2476_1670299214.jpg, 13930442
2477_1670299270.jpg, 13930442
2478_1670299330.jpg, 13930444
2479_1670299390.jpg, 13930446
247_1668279691.jpg, 13742229
2480_1670302815.jpg, 13931624
2481_1670302869.jpg, 13931641
2482_1670302930.jpg, 13931660
2483_1670302990.jpg, 13931670
2484_1670306414.jpg, 13932271
2485_1670306469.jpg, 13932224
2486_1670306529.jpg, 13932238
2487_1670306590.jpg, 13932254
2488_1670310014.jpg, 13932259
2489_1670310070.jpg, 13932254
248_1668279748.jpg, 13742229
2490_1670310129.jpg, 13932259
2491_1670310190.jpg, 13932259
2492_1670313617.jpg, 13932272
2493_1670313669.jpg, 13932272
2494_1670313730.jpg, 13932275
2495_1670313790.jpg, 13932272
2496_1670317215.jpg, 13932475
2497_1670317270.jpg, 13932507
2498_1670317330.jpg, 13932545
2499_1670317389.jpg, 13932582
249_1668279802.jpg, 13742229
24_1667898009.jpg, 13714778
24_1674576026.jpg, 14346730
2500_1670320815.jpg, 13933674
2501_1670320869.jpg, 13933666
2502_1670320929.jpg, 13933708
2503_1670320989.jpg, 13933726
2504_1670324416.jpg, 13933784
2505_1670324469.jpg, 13933784
2506_1670324530.jpg, 13933784
2507_1670324593.jpg, 13933784
2508_1670328014.jpg, 13933784
2509_1670328069.jpg, 13933784
250_1668283277.jpg, 78326465
2510_1670328130.jpg, 13933784
2511_1670328190.jpg, 13933784
2512_1670331614.jpg, 13933784
2513_1670331670.jpg, 13933784
2514_1670331731.jpg, 13933784
2515_1670331790.jpg, 13933785
2516_1670335214.jpg, 13933823
2517_1670335270.jpg, 13933823
2518_1670335331.jpg, 13933824
2519_1670335391.jpg, 13933833
251_1668283300.jpg, 13742229
2520_1670338815.jpg, 13433900
2521_1670338869.jpg, 13933908
2522_1670338930.jpg, 49332934
2523_1670338991.jpg, 13933932
2524_1670342416.jpg, 13935135
2525_1670342471.jpg, 48334635
2526_1670342530.jpg, 13935768
2527_1670342590.jpg, 13935183
2528_1670346017.jpg, 13935183
2529_1670346070.jpg, 46368463
252_1668283358.jpg, 13742229
2530_1670346130.jpg, 13935783
2531_1670346195.jpg, 13935183
2532_1670349615.jpg, 13935232
2533_1670349670.jpg, 13935234
2534_1670349729.jpg, 13935234
2535_1670349790.jpg, 13935234
2536_1670353215.jpg, 13836265
2537_1670353270.jpg, 13436281
2538_1670353329.jpg, 13936296
2539_1670353392.jpg, 13436314
253_1668283416.jpg, 13742229
2540_1670356815.jpg, 13937321
2541_1670356870.jpg, 13937349
2542_1670356930.jpg, 13937354
2543_1670356992.jpg, 13937376
2544_1670360415.jpg, 13937611
2545_1670360470.jpg, 13937616
2546_1670360530.jpg, 13937618
2547_1670360590.jpg, 13937622
2548_1670421610.jpg, 13942539
2549_1670428810.jpg, 13943778
254_1668286864.jpg, 13742229
2550_1670436010.jpg, 13945431
2551_1670443210.jpg, 13945824
2552_1670450411.jpg, 13947374
2553_1670457610.jpg, 13947458
2554_1670464810.jpg, 13947458
2555_1670472011.jpg, 13947506
2556_1670479210.jpg, 13948094
2557_1670486410.jpg, 13949742
2558_1670493609.jpg, 13950237
2559_1670500809.jpg, 13951164
255_1668286878.jpg, 13742229
2560_1670508010.jpg, 13951658
2561_1670515211.jpg, 13952898
2562_1670522411.jpg, 13952949
2563_1670529613.jpg, 13955003
2564_1670536812.jpg, 13956198
2565_1670544010.jpg, 18956921
2566_1670551210.jpg, 13956921
2567_1670558410.jpg, 13956940
2568_1670565610.jpg, 13957772
2569_1670572818.jpg, 13959008
256_1668286941.jpg, 13742229
2570_1670580010.jpg, 13959892
2571_1670587211.jpg, 13960420
2572_1670594410.jpg, 13961374
2573_1670601610.jpg, 13962244
2574_1670608810.jpg, 13963773
2575_1670616011.jpg, 13964590
2576_1670623211.jpg, 13966336
2577_1670630410.jpg, 13966344
2578_1670637610.jpg, 13966347
2579_1670644810.jpg, 13966347
257_1668287003.jpg, 13742229
2580_1670652010.jpg, 13966416
2581_1670659209.jpg, 13966545
2582_1670666413.jpg, 13966702
2583_1670673617.jpg, 13967678
2584_1670680814.jpg, 13969765
2585_1670688010.jpg, 13970592
2586_1670695211.jpg, 48364233
2587_1670702418.jpg, 13972425
2588_1670724012.jpg, 13974108
2589_1670731210.jpg, 13974108
258_1668290469.jpg, 13743042
2590_1670738415.jpg, 48368467
2591_1670745611.jpg, 13974144
2592_1670752811.jpg, 13975986
2593_1670760012.jpg, 13977916
2594_1670774428.jpg, 13980984
2595_1670788824.jpg, 13983245
2596_1670796022.jpg, 13983542
2597_1670803219.jpg, 13983568
2598_1670810413.jpg, 13983520
2599_1670824812.jpg, 13985731
259_1668290490.jpg, 13743039
25_1667901609.jpg, 13714735
25_1674590428.jpg, 14347672
2600_1670832012.jpg, 13987742
2601_1670839213.jpg, 13988742
2602_1670846414.jpg, 13989639
2603_1670853611.jpg, 13990661
2604_1670860811.jpg, 13491985
2605_1670868025.jpg, 13492668
2606_1670875212.jpg, 13494625
2607_1670882426.jpg, 13495308
2608_1670889611.jpg, 18495481
2609_1670896810.jpg, 13495481
260_1668290552.jpg, 13743074
2610_1670918417.jpg, 13498037
2611_1670925610.jpg, 13498734
2612_1670932811.jpg, 13499995
2613_1670940010.jpg, 14000767
2614_1670947211.jpg, 14001596
2615_1670954410.jpg, 14003572
2616_1670961610.jpg, 14004308
2617_1670968811.jpg, 14006738
2618_1670976009.jpg, 14006377
2619_1670983210.jpg, 14006377
261_1668290609.jpg, 13743094
2620_1670990411.jpg, 14006338
2621_1670997610.jpg, 14006338
2622_1671004810.jpg, 14008704
2623_1671012011.jpg, 14009444
2624_1671019211.jpg, 14010204
2625_1671026410.jpg, 14011600
2626_1671033610.jpg, 14012565
2627_1671040810.jpg, 78422423
2628_1671048010.jpg, 14015059
2629_1671055210.jpg, 14016385
262_1668294075.jpg, 13743542
2630_1671062410.jpg, 14016571
2631_1671069609.jpg, 14016571
2632_1671076830.jpg, 14016547
2633_1671084010.jpg, 14018338
2634_1671091210.jpg, 14020346
2635_1671098410.jpg, 14021778
2636_1671105610.jpg, 14023274
2637_1671112810.jpg, 14023757
2638_1671120011.jpg, 14024952
2639_1671127210.jpg, 14025844
263_1668294096.jpg, 13743544
2640_1671134410.jpg, 14026635
2641_1671141610.jpg, 14027599
2642_1671148810.jpg, 14028790
2643_1671156009.jpg, 14028138
2644_1671163210.jpg, 14028223
2645_1671170410.jpg, 14030272
2646_1671177609.jpg, 14032245
2647_1671184810.jpg, 14032703
2648_1671192010.jpg, 14033891
2649_1671199210.jpg, 14034777
264_1668294151.jpg, 13743548
2650_1671206410.jpg, 14035385
2651_1671213610.jpg, 14036433
2652_1671220812.jpg, 14036728
2653_1671228010.jpg, 14038648
2654_1671235212.jpg, 14040402
2655_1671242410.jpg, 14040404
2656_1671249610.jpg, 14040403
2657_1671256811.jpg, 14040403
2658_1671264017.jpg, 14041945
2659_1671271211.jpg, 14043849
265_1668294209.jpg, 78322764
2660_1671278414.jpg, 14045477
2661_1671285611.jpg, 14047248
2662_1671292810.jpg, 14047963
2663_1671300010.jpg, 14048074
2664_1671307210.jpg, 14048094
2665_1671314411.jpg, 14049278
2666_1671321609.jpg, 14049472
2667_1671328812.jpg, 14049742
2668_1671336010.jpg, 14049744
2669_1671343213.jpg, 14050854
266_1668297667.jpg, 13743619
2670_1671350410.jpg, 14052839
2671_1671357610.jpg, 14054825
2672_1671364810.jpg, 14055794
2673_1671372010.jpg, 14056565
2674_1671379211.jpg, 14058378
2675_1671386411.jpg, 14059149
2676_1671393611.jpg, 14059499
2677_1671400809.jpg, 14061082
2678_1671408010.jpg, 14061231
2679_1671415211.jpg, 14061246
267_1668297692.jpg, 13743619
2680_1671422410.jpg, 14061330
2681_1671429610.jpg, 14062173
2682_1671436810.jpg, 14064128
2683_1671444010.jpg, 14065987
2684_1671451210.jpg, 14066071
2685_1671458410.jpg, 14067868
2686_1671465611.jpg, 14069388
2687_1671472810.jpg, 14070482
2688_1671480011.jpg, 14071824
2689_1671487210.jpg, 14072423
268_1668297747.jpg, 13743619
2690_1671494410.jpg, 14072473
2691_1671501610.jpg, 14072477
2692_1671508811.jpg, 14072535
2693_1671516010.jpg, 14072550
2694_1671523211.jpg, 14074759
2695_1671530411.jpg, 14076674
2696_1671537610.jpg, 14077998
2697_1671544812.jpg, 14078225
2698_1671552009.jpg, 14079833
2699_1671559210.jpg, 14080434
269_1668297807.jpg, 13743679
26_1667905209.jpg, 13714798
26_1674604824.jpg, 14348588
2700_1671566409.jpg, 14081507
2701_1671573610.jpg, 14085076
2702_1671580810.jpg, 14083048
2703_1671588011.jpg, 14083049
2704_1671595210.jpg, 14083087
2705_1671602410.jpg, 14083171
2706_1671609611.jpg, 14085200
2707_1671616810.jpg, 14086878
2708_1671624010.jpg, 14087604
2709_1671631211.jpg, 14089369
270_1668301272.jpg, 13743679
2710_1671638415.jpg, 14090349
2711_1671645610.jpg, 14091971
2712_1671652810.jpg, 14093504
2713_1671660010.jpg, 14093604
2714_1671667210.jpg, 14093648
2715_1671674410.jpg, 14093640
2716_1671681610.jpg, 14093667
2717_1671688810.jpg, 14093738
2718_1671696010.jpg, 14094717
2719_1671703211.jpg, 14095777
271_1668301292.jpg, 13743670
2720_1671710410.jpg, 14045841
2721_1671717611.jpg, 14096697
2722_1671724810.jpg, 14098528
2723_1671732010.jpg, 14098934
2724_1671739211.jpg, 14100945
2725_1671746410.jpg, 14100578
2726_1671753610.jpg, 14102034
2727_1671760810.jpg, 14102032
2728_1671768010.jpg, 14102078
2729_1671775211.jpg, 14102140
272_1668301348.jpg, 13743679
2730_1671782410.jpg, 14103917
2731_1671789610.jpg, 14103955
2732_1671796810.jpg, 14105147
2733_1671804010.jpg, 14105477
2734_1671811210.jpg, 14106585
2735_1671818410.jpg, 14107604
2736_1671825610.jpg, 14109078
2737_1671832810.jpg, 14109013
2738_1671840009.jpg, 14110545
2739_1671847210.jpg, 14170548
273_1668301410.jpg, 78332421
2740_1671854409.jpg, 14110565
2741_1671861610.jpg, 14110942
2742_1671868809.jpg, 14112457
2743_1671876010.jpg, 14173568
2744_1671883210.jpg, 14115733
2745_1671890411.jpg, 14115988
2746_1671897610.jpg, 14116507
2747_1671904811.jpg, 14178133
2748_1671912011.jpg, 14118407
2749_1671919211.jpg, 14118423
274_1668304867.jpg, 13743679
2750_1671926410.jpg, 14118934
2751_1671933610.jpg, 14118871
2752_1671940810.jpg, 14118877
2753_1671948011.jpg, 14118834
2754_1671955210.jpg, 14140575
2755_1671969610.jpg, 14122403
2756_1671976811.jpg, 14122403
2757_1671984010.jpg, 14123898
2758_1671991210.jpg, 14123898
2759_1671998410.jpg, 76125585
275_1668304883.jpg, 13743679
2760_1672005610.jpg, 14125984
2761_1672012810.jpg, 14125982
2762_1672020010.jpg, 14126025
2763_1672027210.jpg, 14126025
2764_1672034410.jpg, 14127029
2765_1672041610.jpg, 14128313
2766_1672048810.jpg, 14128598
2767_1672056010.jpg, 14128788
2768_1672063211.jpg, 14129833
276_1668304943.jpg, 13743619
2770_1672077611.jpg, 14132198
2771_1672084809.jpg, 14132731
2772_1672092011.jpg, 14133688
2773_1672099211.jpg, 14133784
2774_1672106414.jpg, 14133765
2775_1672113610.jpg, 14133784
2776_1672120811.jpg, 14133784
2777_1672128009.jpg, 14133973
2778_1672135211.jpg, 14134172
2779_1672142410.jpg, 14134577
277_1668305000.jpg, 13743619
2780_1672149610.jpg, 14135067
2781_1672156810.jpg, 14136278
2782_1672164011.jpg, 14137551
2783_1672171210.jpg, 14139013
2784_1672178410.jpg, 14139053
2785_1672185609.jpg, 14139263
2786_1672192811.jpg, 14139273
2787_1672200009.jpg, 14139274
2788_1672207210.jpg, 14139394
2789_1672214411.jpg, 14141459
278_1668308466.jpg, 13743679
2790_1672221609.jpg, 14141671
2791_1672228810.jpg, 14142345
2792_1672236010.jpg, 14143271
2793_1672243209.jpg, 14145074
2794_1672250410.jpg, 14145048
2795_1672257610.jpg, 14146555
2796_1672264810.jpg, 14146596
2797_1672272010.jpg, 14146621
2798_1672279210.jpg, 14146635
2799_1672286411.jpg, 14146635
279_1668308490.jpg, 13743619
27_1667908809.jpg, 13714792
27_1674619223.jpg, 14348594
2800_1672293610.jpg, 14147772
2801_1672300809.jpg, 14148828
2802_1672308009.jpg, 14148963
2803_1672315210.jpg, 14150728
2804_1672322411.jpg, 14150828
2805_1672329610.jpg, 14157974
2806_1672336810.jpg, 14152494
2807_1672344010.jpg, 14152880
2808_1672351210.jpg, 14153895
2809_1672358410.jpg, 14153975
280_1668308551.jpg, 46323764
2810_1672365610.jpg, 14155238
2812_1672380011.jpg, 14155936
2813_1672387210.jpg, 14157046
2814_1672394410.jpg, 14157322
2815_1672401610.jpg, 14158668
2816_1672408810.jpg, 14156250
2817_1672416011.jpg, 14159264
2818_1672423210.jpg, 14160206
2819_1672430410.jpg, 14162034
281_1668308609.jpg, 13743619
2820_1672437610.jpg, 14162987
2821_1672444810.jpg, 14162996
2822_1672452010.jpg, 14162999
2823_1672459209.jpg, 14163070
2824_1672466410.jpg, 14163070
2825_1672473614.jpg, 14163275
2826_1672480809.jpg, 14163423
2827_1672488010.jpg, 14163728
2828_1672495210.jpg, 14165034
2829_1672502410.jpg, 14165504
282_1668312059.jpg, 13743019
2830_1672509612.jpg, 14166434
2831_1672516810.jpg, 14166575
2832_1672524011.jpg, 14167484
2833_1672531209.jpg, 14167528
2834_1672538409.jpg, 14168725
2835_1672545610.jpg, 14168854
2836_1672552810.jpg, 14169947
2837_1672560010.jpg, 14170030
2838_1672567210.jpg, 14170515
2839_1672574411.jpg, 14171443
283_1668312075.jpg, 76323464
2840_1672581610.jpg, 14171486
2841_1672588811.jpg, 14172544
2842_1672596011.jpg, 14173388
2843_1672603210.jpg, 14173526
2844_1672610410.jpg, 14174627
2845_1672617610.jpg, 14174674
2846_1672624810.jpg, 14174674
2847_1672632010.jpg, 14174828
2848_1672639210.jpg, 14174928
2849_1672646410.jpg, 14174954
284_1668312193.jpg, 13743679
2850_1672653611.jpg, 14174978
2851_1672660810.jpg, 14174986
2852_1672668010.jpg, 14175345
2853_1672675209.jpg, 14177064
2854_1672682410.jpg, 14177475
2855_1672689610.jpg, 14177505
2856_1672696810.jpg, 14177625
2857_1672704011.jpg, 14177638
2858_1672711210.jpg, 14177638
2859_1672718410.jpg, 14177818
285_1668315667.jpg, 13743679
2860_1672725610.jpg, 14177833
2861_1672732810.jpg, 14179635
2862_1672740009.jpg, 14180582
2863_1672747209.jpg, 14187736
2864_1672754410.jpg, 14187735
2865_1672761611.jpg, 14183128
2866_1672768810.jpg, 14184252
2867_1672776010.jpg, 14185267
2868_1672783210.jpg, 14185335
2869_1672790410.jpg, 14185329
286_1668315692.jpg, 79326765
2870_1672797610.jpg, 14185325
2871_1672804810.jpg, 14185349
2872_1672812010.jpg, 14185428
2873_1672819210.jpg, 14185578
2874_1672826409.jpg, 14185533
2875_1672833609.jpg, 14185549
2876_1672840810.jpg, 14185968
2877_1672848010.jpg, 14186734
2878_1672855212.jpg, 14188015
2879_1672862410.jpg, 14188968
287_1668315750.jpg, 13743619
2880_1672869610.jpg, 14189545
2881_1672876810.jpg, 14189545
2882_1672884010.jpg, 14189579
2883_1672891209.jpg, 14189534
2884_1672898410.jpg, 14189938
2885_1672905610.jpg, 14197933
2886_1672912809.jpg, 14192260
2887_1672920010.jpg, 14194072
2888_1672927210.jpg, 14194054
2889_1672934410.jpg, 14195264
288_1668315810.jpg, 13743619
2890_1672941612.jpg, 14195525
2891_1672948811.jpg, 14195934
2892_1672956010.jpg, 14196774
2893_1672963210.jpg, 14196148
2894_1672970410.jpg, 14190178
2895_1672977610.jpg, 14196122
2896_1672984815.jpg, 14196940
2897_1672992011.jpg, 14198813
2898_1672999209.jpg, 14500472
2899_1673006411.jpg, 14400420
289_1668319276.jpg, 13743619
28_1667919609.jpg, 13714870
28_1674633623.jpg, 14357737
2900_1673013613.jpg, 14407754
2901_1673020811.jpg, 14207569
2902_1673028012.jpg, 14202293
2903_1673035210.jpg, 14503870
2904_1673042410.jpg, 14204378
2905_1673049611.jpg, 14204378
2906_1673056811.jpg, 14204378
2907_1673064011.jpg, 14404372
2908_1673071210.jpg, 14204324
2909_1673078412.jpg, 14404554
290_1668319294.jpg, 13743679
2910_1673085610.jpg, 14504688
2911_1673092810.jpg, 14205694
2912_1673100010.jpg, 14205814
2913_1673107210.jpg, 14407005
2914_1673114412.jpg, 14207498
2915_1673121610.jpg, 14508644
2916_1673128811.jpg, 14208678
2917_1673136009.jpg, 14508803
2918_1673143210.jpg, 14208803
2919_1673150410.jpg, 14408803
291_1668319351.jpg, 13743679
2920_1673157611.jpg, 14208866
2921_1673164809.jpg, 14408976
2922_1673172011.jpg, 14209907
2923_1673179220.jpg, 14211244
2924_1673186411.jpg, 14212434
2925_1673193615.jpg, 14212572
2926_1673200810.jpg, 14513713
2927_1673208010.jpg, 14214067
2928_1673215212.jpg, 14215606
2929_1673222411.jpg, 14216304
292_1668319409.jpg, 13743619
2930_1673229610.jpg, 14216304
2931_1673236810.jpg, 14216567
2932_1673244010.jpg, 14217776
2933_1673251210.jpg, 14219073
2934_1673258410.jpg, 14219767
2935_1673265610.jpg, 14220574
2936_1673272810.jpg, 14227765
2937_1673280011.jpg, 14221767
2938_1673287211.jpg, 14222274
2939_1673294412.jpg, 14224188
293_1668322934.jpg, 13744456
2940_1673301610.jpg, 14224337
2941_1673308810.jpg, 14224378
2942_1673316011.jpg, 14224378
2943_1673323210.jpg, 14224427
2944_1673330410.jpg, 14225048
2945_1673337610.jpg, 14226929
2946_1673344810.jpg, 14228236
2947_1673352009.jpg, 14228313
2948_1673359211.jpg, 14228399
2949_1673366410.jpg, 14228570
294_1668322957.jpg, 13744505
2950_1673373610.jpg, 14230294
2951_1673380809.jpg, 14232027
2952_1673388011.jpg, 14232768
2953_1673395211.jpg, 14232626
2954_1673402412.jpg, 14232468
2955_1673409610.jpg, 14232963
2956_1673416810.jpg, 14233926
2957_1673424010.jpg, 14233173
2958_1673431211.jpg, 14233184
2959_1673438412.jpg, 14233787
295_1668323012.jpg, 13744522
2960_1673445610.jpg, 14233514
2961_1673452811.jpg, 14235636
2962_1673460010.jpg, 14237638
2963_1673467212.jpg, 14238094
2964_1673474411.jpg, 14238066
2965_1673481610.jpg, 14238066
2966_1673488810.jpg, 14238060
2967_1673496011.jpg, 14238249
2968_1673503210.jpg, 14238491
2969_1673510409.jpg, 14240535
296_1668326475.jpg, 13745129
2970_1673517611.jpg, 14242459
2971_1673524810.jpg, 14243792
2972_1673532010.jpg, 14243841
2973_1673539210.jpg, 14244394
2974_1673546411.jpg, 14246154
2975_1673553611.jpg, 14247867
2976_1673560811.jpg, 14248274
2977_1673568011.jpg, 14248391
2978_1673575211.jpg, 14248393
2979_1673582410.jpg, 14248414
297_1668326496.jpg, 13745125
2980_1673589611.jpg, 14248448
2981_1673596811.jpg, 14250494
2982_1673604010.jpg, 14251362
2983_1673611211.jpg, 14252144
2984_1673618411.jpg, 14253064
2985_1673625614.jpg, 14253097
2986_1673632811.jpg, 14254752
2987_1673640011.jpg, 14254767
2988_1673647210.jpg, 14254966
2989_1673654412.jpg, 14254962
298_1668326551.jpg, 13745125
2990_1673661613.jpg, 14254966
2991_1673668812.jpg, 14254966
2992_1673676012.jpg, 14256035
2993_1673683211.jpg, 14255851
2994_1673690410.jpg, 14256019
2995_1673697611.jpg, 14256048
2996_1673704813.jpg, 14256074
2997_1673712011.jpg, 14256074
2998_1673719216.jpg, 14257874
2999_1673726412.jpg, 14259840
299_1668326611.jpg, 13745125
29_1667930409.jpg, 13715493
29_1674648026.jpg, 14353022
3000_1673733611.jpg, 14261623
3001_1673740811.jpg, 14262069
3002_1673748011.jpg, 14262068
3003_1673755212.jpg, 14262065
3004_1673762412.jpg, 14262068
3005_1673769613.jpg, 14262754
3006_1673776810.jpg, 14264174
3007_1673784010.jpg, 14264646
3008_1673798412.jpg, 14266767
3009_1673805614.jpg, 14267697
300_1668330073.jpg, 13745138
3010_1673812824.jpg, 14269361
3011_1673820012.jpg, 14271098
3012_1673827210.jpg, 14271468
3013_1673834411.jpg, 14271428
3014_1673841611.jpg, 14271204
3015_1673848811.jpg, 14271304
3016_1673856010.jpg, 14273445
3017_1673863211.jpg, 14275274
3018_1673870416.jpg, 14276878
3019_1673877610.jpg, 14278369
301_1668330090.jpg, 13745138
3020_1673884812.jpg, 14278368
3021_1673892010.jpg, 14279696
3022_1673899210.jpg, 14280419
3023_1673906410.jpg, 14280602
3024_1673956812.jpg, 14284384
3025_1674075595.jpg, 14298968
3026_1674075614.jpg, 14296068
302_1668330152.jpg, 13745134
303_1668330212.jpg, 13745134
304_1668333665.jpg, 13745274
305_1668337264.jpg, 13745422
306_1668337293.jpg, 13745424
307_1668337334.jpg, 13745424
308_1668337396.jpg, 13745431
309_1668340865.jpg, 13745464
30_1667941208.jpg, 13717158
30_1674662429.jpg, 14354704
310_1668340889.jpg, 13745464
311_1668340951.jpg, 13745464
312_1668341010.jpg, 13745464
313_1668344480.jpg, 13745538
314_1668344500.jpg, 13745538
315_1668344555.jpg, 13745538
316_1668344607.jpg, 13745538
317_1668348057.jpg, 13745569
318_1668348092.jpg, 13745566
319_1668348141.jpg, 13745569
31_1667952009.jpg, 13717174
31_1674676824.jpg, 14357188
320_1668348201.jpg, 13745569
321_1668351668.jpg, 13746246
322_1668351686.jpg, 13746273
323_1668351741.jpg, 13746230
324_1668351803.jpg, 13746302
325_1668355271.jpg, 13747192
326_1668355292.jpg, 13747205
327_1668355357.jpg, 13747228
328_1668355411.jpg, 13747238
329_1668358873.jpg, 13747863
32_1667962809.jpg, 13717172
32_1674691227.jpg, 14358793
330_1668358893.jpg, 13747867
331_1668358953.jpg, 13747867
332_1668359014.jpg, 13747867
333_1668362468.jpg, 13747861
334_1668362479.jpg, 13747864
335_1668362545.jpg, 13747867
336_1668362603.jpg, 13747867
337_1668366077.jpg, 13747905
338_1668366099.jpg, 13747905
339_1668366154.jpg, 13747909
33_1667973609.jpg, 13717193
33_1674705642.jpg, 14358231
340_1668366215.jpg, 13747905
341_1668369677.jpg, 13748108
342_1668369698.jpg, 13748100
343_1668369749.jpg, 13748704
344_1668373258.jpg, 13748704
345_1668373288.jpg, 13748130
346_1668373335.jpg, 13748774
347_1668373395.jpg, 13748738
348_1668376856.jpg, 13749100
349_1668376875.jpg, 13749178
34_1667995209.jpg, 13718749
34_1674720026.jpg, 14360704
350_1668376939.jpg, 13749100
351_1668376996.jpg, 13749204
352_1668380454.jpg, 13749924
353_1668380473.jpg, 13749010
354_1668380539.jpg, 13749020
355_1668380607.jpg, 13749929
356_1668384057.jpg, 13749929
357_1668384088.jpg, 13749929
358_1668384153.jpg, 13749926
359_1668384211.jpg, 13749929
35_1668006010.jpg, 13719944
35_1674734423.jpg, 14363164
360_1668387662.jpg, 13749929
361_1668387678.jpg, 13749929
362_1668387742.jpg, 13749929
363_1668387811.jpg, 13749929
364_1668391268.jpg, 13749929
365_1668391298.jpg, 13749929
366_1668391346.jpg, 13749926
367_1668391412.jpg, 13749926
368_1668394869.jpg, 26322433
369_1668394889.jpg, 13749926
36_1668016809.jpg, 13722039
36_1674748825.jpg, 14365354
370_1668394953.jpg, 13749929
371_1668395007.jpg, 13749929
372_1668398474.jpg, 13750022
373_1668398491.jpg, 13750022
374_1668398549.jpg, 13750026
375_1668398609.jpg, 13750026
376_1668402077.jpg, 13750026
377_1668402098.jpg, 13750025
378_1668402151.jpg, 13750022
379_1668402211.jpg, 13780028
37_1668027619.jpg, 13723713
380_1668405675.jpg, 13750028
381_1668405693.jpg, 13750029
382_1668405750.jpg, 13750028
383_1668405807.jpg, 13750022
384_1668409261.jpg, 13750074
385_1668409284.jpg, 13750074
386_1668409350.jpg, 13750074
387_1668409407.jpg, 13750074
388_1668412867.jpg, 13750074
389_1668412882.jpg, 13750022
38_1668028353.jpg, 13723172
38_1674763228.jpg, 14367132
38_1674777628.jpg, 14369204
390_1668412953.jpg, 13750072
391_1668413002.jpg, 13750074
392_1668416470.jpg, 13750088
393_1668416493.jpg, 13750085
394_1668416550.jpg, 13750085
395_1668416609.jpg, 13750085
397_1668420087.jpg, 13750088
398_1668420099.jpg, 13750089
399_1668420150.jpg, 13750089
39_1668035009.jpg, 13723288
39_1674792026.jpg, 14369225
3_1667827089.jpg, 13710432
3_1674129612.jpg, 14299000
3_1674302553.jpg, 14318968
400_1668420207.jpg, 13750084
401_1668423666.jpg, 13750178
402_1668423688.jpg, 13750118
403_1668423733.jpg, 13750178
404_1668423795.jpg, 13750114
405_1668427279.jpg, 13750178
406_1668427300.jpg, 13750114
407_1668427352.jpg, 13750178
408_1668427411.jpg, 13750714
409_1668430856.jpg, 13750718
40_1668038464.jpg, 13724224
40_1674806425.jpg, 14371634
410_1668430875.jpg, 13750114
411_1668430939.jpg, 13750174
412_1668430995.jpg, 13750174
413_1668434466.jpg, 13750428
414_1668434488.jpg, 13750451
415_1668434552.jpg, 13750481
416_1668434604.jpg, 13750530
417_1668438053.jpg, 13751447
418_1668438077.jpg, 13751465
419_1668438136.jpg, 13751479
41_1668076677.jpg, 13726368
41_1674820823.jpg, 14373170
420_1668438193.jpg, 13751494
421_1668441668.jpg, 13752408
422_1668441679.jpg, 13752436
423_1668441747.jpg, 13752434
424_1668441806.jpg, 13752448
425_1668445260.jpg, 13752988
426_1668445286.jpg, 13752988
427_1668445348.jpg, 13752928
428_1668445404.jpg, 13752985
429_1668448855.jpg, 13752995
42_1668081631.jpg, 13726394
42_1674849624.jpg, 14377998
430_1668448885.jpg, 13752996
431_1668448936.jpg, 13752994
432_1668448996.jpg, 13752998
433_1668452472.jpg, 13753632
434_1668452492.jpg, 13753655
435_1668452549.jpg, 13753675
436_1668452610.jpg, 13753685
437_1668456066.jpg, 13754636
438_1668456083.jpg, 13754655
439_1668456143.jpg, 13754668
43_1668092810.jpg, 13726948
43_1674864025.jpg, 14379474
440_1668456204.jpg, 13754684
441_1668459666.jpg, 13755535
442_1668459682.jpg, 13755539
443_1668459748.jpg, 13755564
444_1668459802.jpg, 13755579
445_1668463277.jpg, 13755633
446_1668463298.jpg, 13755633
447_1668463344.jpg, 13755633
448_1668463412.jpg, 13755633
449_1668466871.jpg, 13755684
44_1668094032.jpg, 13727275
44_1674878424.jpg, 14379447
450_1668466879.jpg, 13755684
451_1668466945.jpg, 13755684
452_1668466995.jpg, 13755688
453_1668470469.jpg, 13755688
454_1668470479.jpg, 13755688
455_1668470548.jpg, 13755688
456_1668470606.jpg, 13755684
457_1668474068.jpg, 13756086
458_1668474088.jpg, 13756104
459_1668474151.jpg, 98323625
45_1668096025.jpg, 13727784
45_1674892824.jpg, 14381677
460_1668474211.jpg, 13756135
461_1668477671.jpg, 13757006
462_1668477694.jpg, 48323764
463_1668477753.jpg, 13757035
464_1668477806.jpg, 13757054
465_1668481278.jpg, 13757456
466_1668481297.jpg, 13757460
467_1668481348.jpg, 13757449
468_1668481407.jpg, 13757746
469_1668484884.jpg, 13757553
46_1668096086.jpg, 13727799
46_1674907224.jpg, 14383939
470_1668484900.jpg, 13757553
471_1668484953.jpg, 13757551
472_1668485014.jpg, 13757551
473_1668488478.jpg, 13757582
474_1668488496.jpg, 13757582
475_1668488549.jpg, 13757609
476_1668488611.jpg, 13757631
477_1668492080.jpg, 13758233
478_1668492100.jpg, 13758293
479_1668492151.jpg, 13758293
47_1668096140.jpg, 13727874
47_1674921625.jpg, 14385014
480_1668492211.jpg, 13758293
481_1668495667.jpg, 13758413
482_1668495692.jpg, 13758473
483_1668495745.jpg, 13758473
484_1668495806.jpg, 13758413
485_1668499276.jpg, 13758413
486_1668499291.jpg, 13758413
487_1668499348.jpg, 13758413
488_1668499407.jpg, 13758473
489_1668502862.jpg, 13758422
48_1668096202.jpg, 13727845
48_1674936025.jpg, 14385955
490_1668502877.jpg, 13758422
491_1668502939.jpg, 13758425
492_1668502996.jpg, 13758428
493_1668506477.jpg, 13758672
494_1668506498.jpg, 13758673
495_1668506548.jpg, 13758672
496_1668506609.jpg, 13758673
497_1668510067.jpg, 13758825
498_1668510086.jpg, 13758824
499_1668510147.jpg, 13758825
49_1668099630.jpg, 13728668
49_1674950424.jpg, 14388066
4_1667827151.jpg, 13710432
4_1674305125.jpg, 14319285
500_1668510208.jpg, 13758825
501_1668513673.jpg, 13758825
502_1668513694.jpg, 13758825
503_1668513749.jpg, 13758824
504_1668513811.jpg, 13758825
505_1668517276.jpg, 13758824
506_1668517298.jpg, 13758824
507_1668517351.jpg, 13758824
508_1668517407.jpg, 13758824
509_1668520866.jpg, 13759635
50_1668099682.jpg, 13728682
50_1674964824.jpg, 14388083
510_1668520891.jpg, 13759648
511_1668520947.jpg, 13759664
512_1668521003.jpg, 13759684
513_1668524469.jpg, 13760549
514_1668524488.jpg, 13760503
515_1668524549.jpg, 13760578
516_1668524606.jpg, 13760533
517_1668528068.jpg, 13761479
518_1668528084.jpg, 13761433
519_1668528144.jpg, 13761458
51_1668099738.jpg, 13728695
51_1674979227.jpg, 14389075
520_1668528197.jpg, 13761464
521_1668531677.jpg, 13762329
522_1668531697.jpg, 13762344
523_1668531750.jpg, 13762354
524_1668531810.jpg, 13762372
525_1668535281.jpg, 13762983
526_1668535300.jpg, 13762983
527_1668535350.jpg, 13762983
528_1668535409.jpg, 13762983
529_1668538867.jpg, 13762983
52_1668099800.jpg, 13728695
52_1674993629.jpg, 14392845
530_1668538889.jpg, 13762983
531_1668538949.jpg, 13762983
532_1668539000.jpg, 13762983
533_1668542473.jpg, 13763075
534_1668542492.jpg, 13763075
535_1668542551.jpg, 13763075
536_1668542606.jpg, 13763075
537_1668546081.jpg, 13763725
538_1668546100.jpg, 13763125
539_1668546156.jpg, 13763125
53_1668103262.jpg, 13728768
53_1675008043.jpg, 14395899
540_1668546216.jpg, 13763724
541_1668549675.jpg, 13763223
542_1668549696.jpg, 13763738
543_1668549753.jpg, 98323364
544_1668549811.jpg, 13763738
545_1668553271.jpg, 13763738
546_1668553286.jpg, 13763739
547_1668553355.jpg, 13763735
548_1668553409.jpg, 29336431
549_1668556893.jpg, 13763253
54_1668103282.jpg, 13728772
54_1675065628.jpg, 14402046
550_1668556899.jpg, 13763734
551_1668556949.jpg, 13763733
552_1668557009.jpg, 13763753
553_1668560471.jpg, 13763754
554_1668560492.jpg, 13763734
555_1668560549.jpg, 13763754
556_1668560602.jpg, 13763757
557_1668564080.jpg, 13763253
558_1668564100.jpg, 13763757
559_1668564159.jpg, 13763753
55_1668103346.jpg, 13728772
55_1675094443.jpg, 14406441
560_1668564215.jpg, 13763757
561_1668567673.jpg, 13763734
562_1668567692.jpg, 13763734
563_1668567752.jpg, 72326437
564_1668567805.jpg, 13763757
565_1668571271.jpg, 13763873
566_1668571288.jpg, 13763874
567_1668571352.jpg, 13763874
568_1668571408.jpg, 13763873
569_1668574876.jpg, 13763805
56_1668103401.jpg, 13728772
570_1668574900.jpg, 13763820
571_1668574949.jpg, 13763885
572_1668575010.jpg, 13763802
573_1668578491.jpg, 13763902
574_1668578500.jpg, 13763907
575_1668578548.jpg, 13763928
576_1668578609.jpg, 13763948
577_1668582062.jpg, 13763954
578_1668582088.jpg, 13763954
579_1668582151.jpg, 13763952
57_1668106829.jpg, 13729090
580_1668582193.jpg, 13763954
581_1668585670.jpg, 13763968
582_1668585674.jpg, 13763964
583_1668585740.jpg, 13763964
584_1668585796.jpg, 13763968
585_1668589267.jpg, 13763965
586_1668589285.jpg, 13763965
587_1668589345.jpg, 13763965
588_1668589411.jpg, 13763964
589_1668592868.jpg, 13763965
58_1668106880.jpg, 13729090
590_1668592891.jpg, 13763959
591_1668592952.jpg, 13763963
592_1668592998.jpg, 13763965
593_1668596453.jpg, 13763964
594_1668596480.jpg, 13763964
595_1668596533.jpg, 13763964
596_1668596597.jpg, 13763964
597_1668600088.jpg, 13763964
598_1668600101.jpg, 13763964
599_1668600156.jpg, 13763964
59_1668106944.jpg, 13729772
5_1667829608.jpg, 13710438
5_1674187220.jpg, 14304908
5_1674305389.jpg, 14319284
600_1668600217.jpg, 13763964
601_1668603676.jpg, 13763964
602_1668603691.jpg, 13763961
603_1668603744.jpg, 13763962
604_1668603806.jpg, 13763962
605_1668607279.jpg, 13764144
606_1668607300.jpg, 13764783
607_1668607349.jpg, 13764224
608_1668607409.jpg, 13764274
609_1668610865.jpg, 13765274
60_1668107000.jpg, 13729728
610_1668610878.jpg, 13765274
611_1668610951.jpg, 13765214
612_1668610997.jpg, 13765272
613_1668614488.jpg, 13765231
614_1668614500.jpg, 13765378
615_1668614555.jpg, 13765366
616_1668614611.jpg, 79336437
617_1668618078.jpg, 13766365
618_1668618099.jpg, 13766405
619_1668618159.jpg, 13766421
61_1668110443.jpg, 13729145
620_1668618210.jpg, 13766438
621_1668621664.jpg, 79323734
622_1668621680.jpg, 13767353
623_1668621741.jpg, 13767377
624_1668621802.jpg, 13767300
625_1668625268.jpg, 13768347
626_1668625287.jpg, 13768358
627_1668625350.jpg, 13768373
628_1668625411.jpg, 13768384
629_1668628885.jpg, 13768494
62_1668110489.jpg, 13729745
630_1668628900.jpg, 13768494
631_1668628958.jpg, 13768508
632_1668629017.jpg, 13768502
633_1668632472.jpg, 13768605
634_1668632480.jpg, 13768608
635_1668632550.jpg, 13768608
636_1668632602.jpg, 13768605
637_1668636072.jpg, 13768638
638_1668636091.jpg, 13768635
639_1668636160.jpg, 13768635
63_1668110550.jpg, 13729745
640_1668636210.jpg, 13768638
641_1668639655.jpg, 13768664
642_1668639688.jpg, 13768664
643_1668639749.jpg, 13768664
644_1668639808.jpg, 13768626
645_1668643265.jpg, 13768664
646_1668643292.jpg, 13768664
647_1668643346.jpg, 13768665
648_1668643406.jpg, 13768665
649_1668646872.jpg, 13768664
64_1668110610.jpg, 13729148
650_1668646889.jpg, 13768664
651_1668646951.jpg, 13768664
652_1668647010.jpg, 13768665
653_1668650489.jpg, 13768664
654_1668650500.jpg, 13768665
655_1668650551.jpg, 13768665
656_1668650609.jpg, 13768665
657_1668654063.jpg, 13768603
658_1668654149.jpg, 13768664
659_1668654208.jpg, 13768665
65_1668114078.jpg, 13729258
660_1668657678.jpg, 13768775
661_1668657695.jpg, 13768779
662_1668657743.jpg, 13768778
663_1668657807.jpg, 13768778
664_1668661268.jpg, 13768794
665_1668661292.jpg, 13768202
666_1668661335.jpg, 13768737
667_1668661399.jpg, 13768797
668_1668664869.jpg, 13768866
669_1668664889.jpg, 13768866
66_1668114099.jpg, 13729250
670_1668664950.jpg, 13768809
671_1668665008.jpg, 13768866
672_1668668485.jpg, 13768924
673_1668668500.jpg, 13768977
674_1668668551.jpg, 13768926
675_1668668613.jpg, 13768924
676_1668672073.jpg, 13768970
677_1668672090.jpg, 13768976
678_1668672148.jpg, 13768920
679_1668672212.jpg, 13768920
67_1668114149.jpg, 13729250
680_1668675676.jpg, 13768920
681_1668675691.jpg, 13768926
682_1668675748.jpg, 13768976
683_1668675804.jpg, 13768976
684_1668679275.jpg, 13768930
685_1668679295.jpg, 13768938
686_1668679345.jpg, 13768954
687_1668679410.jpg, 13768980
688_1668682862.jpg, 13769232
689_1668682877.jpg, 13769235
68_1668114210.jpg, 13729250
690_1668682943.jpg, 13769238
691_1668682993.jpg, 13769238
692_1668686465.jpg, 13769234
693_1668686481.jpg, 13769238
694_1668686551.jpg, 13769238
695_1668686606.jpg, 13769239
696_1668690074.jpg, 13769238
697_1668690094.jpg, 13769238
698_1668690153.jpg, 13769238
699_1668690210.jpg, 13769239
69_1668117627.jpg, 13729444
6_1667833208.jpg, 13710438
6_1674216036.jpg, 14307978
6_1674316825.jpg, 14340758
700_1668693675.jpg, 13769794
701_1668693699.jpg, 13769810
702_1668693753.jpg, 13769824
703_1668693815.jpg, 13769846
704_1668697278.jpg, 13770307
705_1668697297.jpg, 13770304
706_1668697357.jpg, 13770309
707_1668697418.jpg, 13770309
708_1668700888.jpg, 13770309
709_1668700901.jpg, 13770309
70_1668117687.jpg, 13729480
710_1668700952.jpg, 13770302
711_1668701018.jpg, 13770302
712_1668704476.jpg, 13770374
713_1668704495.jpg, 13770314
714_1668704548.jpg, 13770312
715_1668704609.jpg, 13770314
716_1668708082.jpg, 13777093
717_1668708100.jpg, 29329433
718_1668708151.jpg, 13777127
719_1668708210.jpg, 13777148
71_1668117737.jpg, 13729574
720_1668711674.jpg, 13772160
721_1668711688.jpg, 13772177
722_1668711751.jpg, 13772194
723_1668711810.jpg, 13772215
724_1668715279.jpg, 13772876
725_1668715297.jpg, 13772878
726_1668715348.jpg, 13772856
727_1668715416.jpg, 13772887
728_1668718880.jpg, 13772977
729_1668718900.jpg, 13772973
72_1668117798.jpg, 13729548
730_1668718955.jpg, 13772977
731_1668719008.jpg, 13772974
732_1668722473.jpg, 13773054
733_1668722491.jpg, 13773054
734_1668722551.jpg, 13773054
735_1668722595.jpg, 13773054
736_1668726078.jpg, 13773073
737_1668726100.jpg, 13773073
738_1668726153.jpg, 13773078
739_1668726211.jpg, 13773078
73_1668121268.jpg, 13730458
740_1668729673.jpg, 13773078
741_1668729689.jpg, 13773028
742_1668729747.jpg, 13773078
743_1668729807.jpg, 49323362
744_1668733285.jpg, 42322762
745_1668733300.jpg, 13773078
746_1668733350.jpg, 13773078
747_1668733412.jpg, 13773028
748_1668736873.jpg, 13773078
749_1668736887.jpg, 13773078
74_1668121294.jpg, 13730465
750_1668736950.jpg, 13773078
751_1668736996.jpg, 13773078
752_1668740489.jpg, 13773078
753_1668740500.jpg, 13773078
754_1668740551.jpg, 13773078
755_1668740610.jpg, 48322763
756_1668744074.jpg, 13773096
757_1668744095.jpg, 13773096
758_1668744150.jpg, 13773096
759_1668744205.jpg, 13773096
75_1668121350.jpg, 13730488
760_1668747675.jpg, 13773104
761_1668747697.jpg, 13773704
762_1668747748.jpg, 13773105
763_1668747810.jpg, 13773104
764_1668751285.jpg, 49323462
765_1668751301.jpg, 13773158
766_1668751352.jpg, 13773150
767_1668751413.jpg, 13773158
768_1668754881.jpg, 13773766
769_1668754900.jpg, 13773766
76_1668121409.jpg, 13730495
770_1668754947.jpg, 13773763
771_1668755010.jpg, 13773766
772_1668758480.jpg, 13773429
773_1668758500.jpg, 13773428
774_1668758548.jpg, 13773429
775_1668758608.jpg, 13773520
776_1668762074.jpg, 13773311
777_1668762095.jpg, 13773371
778_1668762147.jpg, 13773311
779_1668762209.jpg, 13773313
77_1668124865.jpg, 13730878
780_1668765687.jpg, 13773377
781_1668765700.jpg, 13773377
782_1668765754.jpg, 13773317
783_1668765811.jpg, 13773312
784_1668769280.jpg, 13773376
785_1668769299.jpg, 13773315
786_1668769352.jpg, 13773378
787_1668769410.jpg, 13773315
788_1668772877.jpg, 13773318
789_1668772898.jpg, 13773375
78_1668124885.jpg, 13730878
790_1668772955.jpg, 13773318
791_1668773009.jpg, 13773316
792_1668776463.jpg, 13773379
793_1668776482.jpg, 13773319
794_1668776536.jpg, 13773329
795_1668776597.jpg, 13773319
796_1668780082.jpg, 13774038
797_1668780099.jpg, 13774118
798_1668780145.jpg, 13774732
799_1668780206.jpg, 13774751
79_1668124950.jpg, 13730870
7_1667836809.jpg, 13710454
7_1674230415.jpg, 14310570
800_1668783671.jpg, 13775138
801_1668783689.jpg, 13775172
802_1668783747.jpg, 13775194
803_1668783802.jpg, 14775216
804_1668787290.jpg, 13776757
805_1668787300.jpg, 13776179
806_1668787353.jpg, 13776198
807_1668787409.jpg, 13776225
808_1668790892.jpg, 48322763
809_1668790901.jpg, 13777370
80_1668125008.jpg, 13730871
810_1668790954.jpg, 48323332
811_1668791018.jpg, 13777118
812_1668794471.jpg, 13777364
813_1668794493.jpg, 13777364
814_1668794549.jpg, 13777388
815_1668794610.jpg, 13777472
816_1668798073.jpg, 13778442
817_1668798079.jpg, 13778436
818_1668798148.jpg, 13778473
819_1668798209.jpg, 13778488
81_1668128427.jpg, 13730871
820_1668801672.jpg, 13778672
821_1668801689.jpg, 13778618
822_1668801749.jpg, 13778618
823_1668801802.jpg, 13778618
824_1668805238.jpg, 13776228
825_1668805291.jpg, 13778788
826_1668805351.jpg, 13778794
827_1668805411.jpg, 13778794
828_1668808874.jpg, 48323324
829_1668808895.jpg, 13778794
82_1668128481.jpg, 13730871
830_1668808949.jpg, 13778794
831_1668809003.jpg, 48323537
832_1668812480.jpg, 13778807
833_1668812500.jpg, 13778823
834_1668812550.jpg, 13778819
835_1668812610.jpg, 13778879
836_1668816073.jpg, 13778837
837_1668816092.jpg, 13778833
838_1668816150.jpg, 13778833
839_1668816212.jpg, 13778833
83_1668128544.jpg, 13730871
840_1668819673.jpg, 13778835
841_1668819689.jpg, 13778837
842_1668819751.jpg, 13778833
843_1668819806.jpg, 13778834
844_1668823254.jpg, 13778827
845_1668823285.jpg, 13778838
846_1668823341.jpg, 13778833
847_1668823407.jpg, 13778833
848_1668826870.jpg, 13778833
849_1668826892.jpg, 13778827
84_1668128597.jpg, 49323693
850_1668826953.jpg, 13778837
851_1668827014.jpg, 13778833
852_1668830480.jpg, 13778834
853_1668830497.jpg, 68323332
854_1668830548.jpg, 13778834
855_1668830606.jpg, 13776834
856_1668834053.jpg, 13778833
857_1668834075.jpg, 13778833
858_1668834142.jpg, 13778834
859_1668834200.jpg, 13778834
85_1668132063.jpg, 13730871
860_1668837686.jpg, 13779441
861_1668837700.jpg, 13779452
862_1668837751.jpg, 13779474
863_1668837812.jpg, 13779495
864_1668841272.jpg, 13780325
865_1668841298.jpg, 13780325
866_1668841350.jpg, 13780325
867_1668841409.jpg, 13780325
868_1668844871.jpg, 13780371
869_1668844882.jpg, 13780371
86_1668132087.jpg, 13730871
870_1668844948.jpg, 13780371
871_1668845010.jpg, 13780371
872_1668848473.jpg, 13780383
873_1668848491.jpg, 13780383
874_1668848547.jpg, 13780383
875_1668848615.jpg, 13780383
876_1668852083.jpg, 13780502
877_1668852099.jpg, 13780507
878_1668852151.jpg, 13780502
879_1668852211.jpg, 13780503
87_1668132142.jpg, 13730871
880_1668855666.jpg, 13780507
881_1668855684.jpg, 13780507
882_1668855746.jpg, 13780507
883_1668855806.jpg, 13780522
884_1668859273.jpg, 13781299
885_1668859287.jpg, 13781371
886_1668859352.jpg, 13781318
887_1668859408.jpg, 13781379
888_1668862868.jpg, 13787445
889_1668862880.jpg, 13781445
88_1668132208.jpg, 48392463
890_1668862941.jpg, 13781444
891_1668863009.jpg, 13787445
892_1668866471.jpg, 13781883
893_1668866476.jpg, 13781891
894_1668866540.jpg, 13781973
895_1668866597.jpg, 13781920
896_1668870096.jpg, 13782644
897_1668870104.jpg, 13782645
898_1668870161.jpg, 13782645
899_1668870214.jpg, 13782645
89_1668135659.jpg, 13730871
8_1667840409.jpg, 13710457
8_1674244816.jpg, 14313449
8_1674339061.jpg, 14322335
901_1668873698.jpg, 13782934
902_1668873752.jpg, 13782949
903_1668873813.jpg, 13782968
904_1668877283.jpg, 13783965
905_1668877301.jpg, 13783983
906_1668877350.jpg, 13784004
907_1668877410.jpg, 13784014
908_1668880858.jpg, 13784916
909_1668880883.jpg, 13784923
90_1668135682.jpg, 13730871
910_1668880938.jpg, 13784923
911_1668881002.jpg, 13784922
912_1668884466.jpg, 13785663
913_1668884487.jpg, 13785685
914_1668884555.jpg, 13785698
915_1668884607.jpg, 13785759
916_1668888037.jpg, 13786676
917_1668888090.jpg, 13786634
918_1668888148.jpg, 13786646
919_1668888208.jpg, 13786663
91_1668135746.jpg, 13730871
920_1668891668.jpg, 13787561
921_1668891674.jpg, 13787577
922_1668891742.jpg, 13787594
923_1668891811.jpg, 13787607
924_1668895271.jpg, 13788701
925_1668895294.jpg, 13788101
926_1668895353.jpg, 13788701
927_1668895412.jpg, 13788101
928_1668898888.jpg, 13788165
929_1668898899.jpg, 13788174
92_1668135801.jpg, 13730871
930_1668898948.jpg, 13788175
931_1668899010.jpg, 13788774
932_1668902493.jpg, 13788371
933_1668902500.jpg, 13788343
934_1668902552.jpg, 13788380
935_1668902614.jpg, 13788418
936_1668906058.jpg, 13789324
937_1668906089.jpg, 13789342
938_1668906138.jpg, 98329427
939_1668906196.jpg, 78363431
93_1668139272.jpg, 13731407
940_1668909678.jpg, 99396432
941_1668909698.jpg, 13790083
942_1668909756.jpg, 13790083
943_1668909810.jpg, 13790083
944_1668913276.jpg, 13790083
945_1668913295.jpg, 13790083
946_1668913350.jpg, 13790083
947_1668913408.jpg, 13790083
948_1668916888.jpg, 13790083
949_1668916900.jpg, 13790083
94_1668139290.jpg, 13731424
950_1668916959.jpg, 13790083
952_1668920475.jpg, 13790534
953_1668920491.jpg, 13790548
954_1668920543.jpg, 13790565
955_1668920608.jpg, 13790579
956_1668924076.jpg, 13791443
957_1668924093.jpg, 13791469
958_1668924150.jpg, 13791472
959_1668924210.jpg, 78326428
95_1668139341.jpg, 13731441
960_1668927667.jpg, 13791674
961_1668927679.jpg, 13791674
962_1668927739.jpg, 13791674
963_1668927808.jpg, 13791672
964_1668931283.jpg, 13791684
965_1668931300.jpg, 13791684
966_1668931354.jpg, 13791684
967_1668931412.jpg, 13791999
968_1668934891.jpg, 13791753
969_1668934900.jpg, 13791747
96_1668139405.jpg, 13731453
970_1668934946.jpg, 13791758
971_1668935006.jpg, 13791753
972_1668938474.jpg, 13782741
973_1668938494.jpg, 13782741
974_1668938544.jpg, 13792741
975_1668938609.jpg, 13792768
976_1668942068.jpg, 13793666
977_1668942089.jpg, 13783678
978_1668942147.jpg, 13783609
979_1668942209.jpg, 13783708
97_1668142891.jpg, 78336433
980_1668945660.jpg, 13793748
981_1668945681.jpg, 13783746
982_1668945741.jpg, 13793759
983_1668945796.jpg, 13793759
984_1668949279.jpg, 13793825
985_1668949296.jpg, 13793825
986_1668949348.jpg, 13793824
987_1668949406.jpg, 13783824
988_1668952859.jpg, 13793824
989_1668952888.jpg, 13793824
98_1668142900.jpg, 13732348
990_1668952941.jpg, 13793824
991_1668953007.jpg, 13793824
992_1668956475.jpg, 13793870
993_1668956496.jpg, 13793879
994_1668956560.jpg, 13793828
995_1668956613.jpg, 13743875
996_1668960079.jpg, 13784402
997_1668960100.jpg, 13784458
998_1668960152.jpg, 13784436
999_1668960215.jpg, 13794451
99_1668142949.jpg, 13732364
9_1667844009.jpg, 13710457
9_1674259216.jpg, 14314131
9_1674345625.jpg, 14322372
